all_red_s,backend,clearance_steps,collisions,config_fingerprint,controller,emergency_stops,fixed_cycle_s,fixed_splits_s,fixed_timing,mean_pedestrian_queue,mean_vehicle_queue,metric_window,pedestrian_phase_steps,pedestrian_served_virtual,pedestrian_unserved,pedestrian_wait_max_s,pedestrian_wait_mean_s,pedestrian_wait_p95_s,phase_switches,run_id,runner_version,scenario_id,scope_warning,seed,steps,sumo_scale,sumo_version,trace_count,vehicle_completed,vehicle_demand,vehicle_rate_per_s,vehicle_stop_time_all_mean_s,vehicle_stop_time_mean_s,vehicle_stopped_wait_max_s,vehicle_stopped_wait_mean_s,vehicle_stopped_wait_p95_s,vehicle_throughput_per_hour,vehicle_trip_time_mean_s,vehicle_unfinished,wall_time_s,yellow_s
1,sumo_traci_virtual_pedestrian,161,0,e96f69e7d02fe665caac56a04af057cf9d8b87b944eefd02a6376db6495d7f0b,efficiency,0,,,,0.5922222222222222,1.5677777777777777,evaluation period only (after warmup_s),270,59,0,29,8.033898305084746,25,74,sumo_actual__S1_balanced__efficiency__9001,0.5.0,S1_balanced,Vehicle movement and signal execution are SUMO/TraCI. Pedestrians are virtual queues because the bundled legacy network has no validated pedestrian walking areas; P_ALL is an all-red vehicle interval. Phase changes show signal.yellow_s of yellow and signal.all_red_s of all-red clearance.,9001,900,0.3894849785407726,SUMO 1.27.1,900,192,M,0.22,7.313432835820896,7.244791666666667,27.0,6.531958762886598,16.0,768.0,40.78125,9,8.478254177000053,3
1,sumo_traci_virtual_pedestrian,164,0,a840b446e569d519bd8d0e345221dd2d455edd91273f5f814eb58e18f4ca6959,efficiency,0,,,,0.7955555555555556,1.4044444444444444,evaluation period only (after warmup_s),246,73,0,27,9.219178082191782,21,70,sumo_actual__S1_balanced__efficiency__9002,0.5.0,S1_balanced,Vehicle movement and signal execution are SUMO/TraCI. Pedestrians are virtual queues because the bundled legacy network has no validated pedestrian walking areas; P_ALL is an all-red vehicle interval. Phase changes show signal.yellow_s of yellow and signal.all_red_s of all-red clearance.,9002,900,0.3894849785407726,SUMO 1.27.1,900,198,M,0.22,6.607843137254902,6.646464646464646,26.0,6.649460708782743,18.0,792.0,40.07575757575758,6,4.070726855999965,3
1,sumo_traci_virtual_pedestrian,164,0,78d92775fa7802b844dbe962bb5ba3011ea8f911f71c9f02f13f4f73e8be068e,efficiency,0,,,,0.7577777777777778,1.6688888888888889,evaluation period only (after warmup_s),240,64,0,39,9.796875,27,71,sumo_actual__S1_balanced__efficiency__9003,0.5.0,S1_balanced,Vehicle movement and signal execution are SUMO/TraCI. Pedestrians are virtual queues because the bundled legacy network has no validated pedestrian walking areas; P_ALL is an all-red vehicle interval. Phase changes show signal.yellow_s of yellow and signal.all_red_s of all-red clearance.,9003,900,0.3894849785407726,SUMO 1.27.1,900,197,M,0.22,7.810679611650485,7.9238578680203045,28.0,6.3487012987012985,16.0,788.0,41.34010152284264,9,7.080770226999903,3
1,sumo_traci_virtual_pedestrian,161,0,e01f9ff2dfa0d06ca7d7ccf5c7a5db1444d68c46df2e5d2b5ada91cba6d27637,efpb,0,,,,0.5611111111111111,1.4433333333333334,evaluation period only (after warmup_s),271,59,0,29,7.559322033898305,21,74,sumo_actual__S1_balanced__efpb__9001,0.5.0,S1_balanced,Vehicle movement and signal execution are SUMO/TraCI. Pedestrians are virtual queues because the bundled legacy network has no validated pedestrian walking areas; P_ALL is an all-red vehicle interval. Phase changes show signal.yellow_s of yellow and signal.all_red_s of all-red clearance.,9001,900,0.3894849785407726,SUMO 1.27.1,900,192,M,0.22,6.721393034825871,6.619791666666667,23.0,6.172904191616767,15.0,768.0,40.072916666666664,9,14.048897776999638,3
1,sumo_traci_virtual_pedestrian,164,0,3e1d1432927997f74f65944cd1d32d402c6d34214891c030faf8bd4fef581a89,efpb,0,,,,0.7655555555555555,1.4144444444444444,evaluation period only (after warmup_s),246,73,0,24,8.849315068493151,20,70,sumo_actual__S1_balanced__efpb__9002,0.5.0,S1_balanced,Vehicle movement and signal execution are SUMO/TraCI. Pedestrians are virtual queues because the bundled legacy network has no validated pedestrian walking areas; P_ALL is an all-red vehicle interval. Phase changes show signal.yellow_s of yellow and signal.all_red_s of all-red clearance.,9002,900,0.3894849785407726,SUMO 1.27.1,900,197,M,0.22,6.661764705882353,6.690355329949239,26.0,6.663101604278075,18.0,788.0,40.111675126903556,7,14.856531551999979,3
1,sumo_traci_virtual_pedestrian,164,0,4d4faba4bf095097d781bae1360d5d44bdc26adfb464a9451834dca4210cfc3f,efpb,0,,,,0.7433333333333333,1.551111111111111,evaluation period only (after warmup_s),243,64,0,39,9.59375,26,71,sumo_actual__S1_balanced__efpb__9003,0.5.0,S1_balanced,Vehicle movement and signal execution are SUMO/TraCI. Pedestrians are virtual queues because the bundled legacy network has no validated pedestrian walking areas; P_ALL is an all-red vehicle interval. Phase changes show signal.yellow_s of yellow and signal.all_red_s of all-red clearance.,9003,900,0.3894849785407726,SUMO 1.27.1,900,196,M,0.22,7.281553398058253,7.326530612244898,28.0,6.365156794425087,18.0,784.0,40.71938775510204,10,14.542554508000194,3
1,sumo_traci_virtual_pedestrian,153,0,f58d7decf31ec6b1970a072b5db05f328d517125c6525a27996835c80aed145e,equal_bargaining,0,,,,0.45444444444444443,1.768888888888889,evaluation period only (after warmup_s),284,59,0,25,5.932203389830509,14,73,sumo_actual__S1_balanced__equal_bargaining__9001,0.5.0,S1_balanced,Vehicle movement and signal execution are SUMO/TraCI. Pedestrians are virtual queues because the bundled legacy network has no validated pedestrian walking areas; P_ALL is an all-red vehicle interval. Phase changes show signal.yellow_s of yellow and signal.all_red_s of all-red clearance.,9001,900,0.3894849785407726,SUMO 1.27.1,900,199,M,0.22,8.341463414634147,8.447236180904522,36.0,7.496924969249693,19.0,796.0,42.11055276381909,6,14.856872069000019,3
1,sumo_traci_virtual_pedestrian,156,0,5769a9f9b4f4f5dd1cbe77e4a66eb79b54a5c6586acdf237df31dcae1e97d36c,equal_bargaining,0,,,,0.6288888888888889,1.69,evaluation period only (after warmup_s),265,68,2,26,7.114285714285714,19,72,sumo_actual__S1_balanced__equal_bargaining__9002,0.5.0,S1_balanced,Vehicle movement and signal execution are SUMO/TraCI. Pedestrians are virtual queues because the bundled legacy network has no validated pedestrian walking areas; P_ALL is an all-red vehicle interval. Phase changes show signal.yellow_s of yellow and signal.all_red_s of all-red clearance.,9002,900,0.3894849785407726,SUMO 1.27.1,900,194,M,0.22,8.019704433497537,7.814432989690721,33.0,7.953205128205128,21.0,776.0,41.01546391752577,9,13.914011974000005,3
1,sumo_traci_virtual_pedestrian,150,0,7f8685b8401b1739f10049d5f8f6dc5b0fa30f634f9d1de8b9e36742d4904e5d,equal_bargaining,0,,,,0.4411111111111111,1.8177777777777777,evaluation period only (after warmup_s),273,63,0,21,5.301587301587301,16,71,sumo_actual__S1_balanced__equal_bargaining__9003,0.5.0,S1_balanced,Vehicle movement and signal execution are SUMO/TraCI. Pedestrians are virtual queues because the bundled legacy network has no validated pedestrian walking areas; P_ALL is an all-red vehicle interval. Phase changes show signal.yellow_s of yellow and signal.all_red_s of all-red clearance.,9003,900,0.3894849785407726,SUMO 1.27.1,900,198,M,0.22,8.684466019417476,8.762626262626263,33.0,8.177553444180523,21.0,792.0,41.686868686868685,8,12.054154959000243,3
1,sumo_traci_virtual_pedestrian,168,0,1e576615045818bf078c56c675cea60f099803864fe696fc425c42ccbf63d1bb,fixed_time,0,37,"{""P_ALL"": 13, ""V_EW"": 14, ""V_NS"": 10}",demand_based,0.7055555555555556,1.6277777777777778,evaluation period only (after warmup_s),249,59,0,27,9.76271186440678,26,73,sumo_actual__S1_balanced__fixed_time__9001,0.5.0,S1_balanced,Vehicle movement and signal execution are SUMO/TraCI. Pedestrians are virtual queues because the bundled legacy network has no validated pedestrian walking areas; P_ALL is an all-red vehicle interval. Phase changes show signal.yellow_s of yellow and signal.all_red_s of all-red clearance.,9001,900,0.3894849785407726,SUMO 1.27.1,900,198,M,0.22,7.694174757281553,7.484848484848484,24.0,8.05537024683122,19.0,792.0,39.833333333333336,8,9.389437764999911,3
1,sumo_traci_virtual_pedestrian,168,0,362e00326adcf61024d64610cb98dd5622200c6df5dc2ee711792a705cfc4e56,fixed_time,0,37,"{""P_ALL"": 13, ""V_EW"": 14, ""V_NS"": 10}",demand_based,0.9477777777777778,1.6833333333333333,evaluation period only (after warmup_s),249,72,0,27,11.055555555555555,26,73,sumo_actual__S1_balanced__fixed_time__9002,0.5.0,S1_balanced,Vehicle movement and signal execution are SUMO/TraCI. Pedestrians are virtual queues because the bundled legacy network has no validated pedestrian walking areas; P_ALL is an all-red vehicle interval. Phase changes show signal.yellow_s of yellow and signal.all_red_s of all-red clearance.,9002,900,0.3894849785407726,SUMO 1.27.1,900,197,M,0.22,7.882926829268293,7.659898477157361,25.0,8.14757281553398,19.0,788.0,40.17766497461929,8,6.080365678999897,3
1,sumo_traci_virtual_pedestrian,168,0,b52625f45cd1edfe696396a8342bd8840aa8302c31d7fe8271d283da76e24c9a,fixed_time,0,37,"{""P_ALL"": 13, ""V_EW"": 14, ""V_NS"": 10}",demand_based,0.7888888888888889,1.5788888888888888,evaluation period only (after warmup_s),249,64,0,27,10.234375,26,73,sumo_actual__S1_balanced__fixed_time__9003,0.5.0,S1_balanced,Vehicle movement and signal execution are SUMO/TraCI. Pedestrians are virtual queues because the bundled legacy network has no validated pedestrian walking areas; P_ALL is an all-red vehicle interval. Phase changes show signal.yellow_s of yellow and signal.all_red_s of all-red clearance.,9003,900,0.3894849785407726,SUMO 1.27.1,900,199,M,0.22,7.5893719806763285,7.371859296482412,24.0,7.890041493775934,18.0,796.0,39.527638190954775,8,5.141164910000043,3
1,sumo_traci_virtual_pedestrian,152,0,c81d40fcc97261210f4c058b155d686b0704c174084f9a77c65e6d39f7449df7,efficiency,0,,,,0.9344444444444444,1.7166666666666666,evaluation period only (after warmup_s),289,96,0,37,7.760416666666667,24,73,sumo_actual__S2_pedestrian_heavy__efficiency__9001,0.5.0,S2_pedestrian_heavy,Vehicle movement and signal execution are SUMO/TraCI. Pedestrians are virtual queues because the bundled legacy network has no validated pedestrian walking areas; P_ALL is an all-red vehicle interval. Phase changes show signal.yellow_s of yellow and signal.all_red_s of all-red clearance.,9001,900,0.3894849785407726,SUMO 1.27.1,900,197,M,0.22,8.014705882352942,8.147208121827411,22.0,6.287066246056782,16.0,788.0,41.80203045685279,7,2.9279110160000528,3
1,sumo_traci_virtual_pedestrian,163,0,33fb9175e44a255c528531a9451f2d8a041bbd18ed8ef7b180e859ad33e10200,efficiency,0,,,,1.0611111111111111,1.798888888888889,evaluation period only (after warmup_s),251,99,2,30,8.475247524752476,21,73,sumo_actual__S2_pedestrian_heavy__efficiency__9002,0.5.0,S2_pedestrian_heavy,Vehicle movement and signal execution are SUMO/TraCI. Pedestrians are virtual queues because the bundled legacy network has no validated pedestrian walking areas; P_ALL is an all-red vehicle interval. Phase changes show signal.yellow_s of yellow and signal.all_red_s of all-red clearance.,9002,900,0.3894849785407726,SUMO 1.27.1,900,193,M,0.22,8.42079207920792,8.341968911917098,31.0,6.893373493975903,18.0,772.0,42.02590673575129,9,4.866045143000065,3
1,sumo_traci_virtual_pedestrian,161,0,1dedb0916e8070edfd8d90d629b828699a083358e15c19b4c6a17f947fd791f2,efficiency,0,,,,1.1722222222222223,1.9244444444444444,evaluation period only (after warmup_s),271,104,0,27,9.23076923076923,25,73,sumo_actual__S2_pedestrian_heavy__efficiency__9003,0.5.0,S2_pedestrian_heavy,Vehicle movement and signal execution are SUMO/TraCI. Pedestrians are virtual queues because the bundled legacy network has no validated pedestrian walking areas; P_ALL is an all-red vehicle interval. Phase changes show signal.yellow_s of yellow and signal.all_red_s of all-red clearance.,9003,900,0.3894849785407726,SUMO 1.27.1,900,202,M,0.22,8.927184466019417,9.004950495049505,30.0,6.903225806451613,18.0,808.0,42.78712871287129,4,2.778226039999936,3
1,sumo_traci_virtual_pedestrian,152,0,892200627e85beb1148576d83707c39172034a7d89a0cd43eaa94039592368b1,efpb,0,,,,0.8844444444444445,1.5988888888888888,evaluation period only (after warmup_s),290,96,0,37,7.291666666666667,23,73,sumo_actual__S2_pedestrian_heavy__efpb__9001,0.5.0,S2_pedestrian_heavy,Vehicle movement and signal execution are SUMO/TraCI. Pedestrians are virtual queues because the bundled legacy network has no validated pedestrian walking areas; P_ALL is an all-red vehicle interval. Phase changes show signal.yellow_s of yellow and signal.all_red_s of all-red clearance.,9001,900,0.3894849785407726,SUMO 1.27.1,900,197,M,0.22,7.536945812807882,7.6091370558375635,22.0,6.229054054054054,15.0,788.0,41.243654822335024,6,14.68008176300009,3
1,sumo_traci_virtual_pedestrian,163,0,028559a4331bbf7a74c1915d6e66d0dc0680da62e1f4aa42b0a33ac1ab0d3f09,efpb,0,,,,0.9544444444444444,1.7955555555555556,evaluation period only (after warmup_s),253,99,2,26,7.524752475247524,21,73,sumo_actual__S2_pedestrian_heavy__efpb__9002,0.5.0,S2_pedestrian_heavy,Vehicle movement and signal execution are SUMO/TraCI. Pedestrians are virtual queues because the bundled legacy network has no validated pedestrian walking areas; P_ALL is an all-red vehicle interval. Phase changes show signal.yellow_s of yellow and signal.all_red_s of all-red clearance.,9002,900,0.3894849785407726,SUMO 1.27.1,900,193,M,0.22,8.386138613861386,8.279792746113989,33.0,7.018753781004235,18.0,772.0,42.031088082901555,9,15.654935601000034,3
1,sumo_traci_virtual_pedestrian,162,0,29bd755fa7062faa61d9110b805e1367edb4ef6137d32005568ef4628223b16b,efpb,0,,,,1.19,1.76,evaluation period only (after warmup_s),264,104,0,29,9.384615384615385,24,73,sumo_actual__S2_pedestrian_heavy__efpb__9003,0.5.0,S2_pedestrian_heavy,Vehicle movement and signal execution are SUMO/TraCI. Pedestrians are virtual queues because the bundled legacy network has no validated pedestrian walking areas; P_ALL is an all-red vehicle interval. Phase changes show signal.yellow_s of yellow and signal.all_red_s of all-red clearance.,9003,900,0.3894849785407726,SUMO 1.27.1,900,202,M,0.22,8.20873786407767,8.282178217821782,30.0,6.823347745521927,18.0,808.0,41.7029702970297,4,15.734437908000018,3
1,sumo_traci_virtual_pedestrian,152,0,7f6935c197ef90d50aec1f61b3a360898cf56affef3a09b3cbb6f8e045ca6bb4,equal_bargaining,0,,,,0.7944444444444444,1.818888888888889,evaluation period only (after warmup_s),284,96,0,26,6.447916666666667,20,74,sumo_actual__S2_pedestrian_heavy__equal_bargaining__9001,0.5.0,S2_pedestrian_heavy,Vehicle movement and signal execution are SUMO/TraCI. Pedestrians are virtual queues because the bundled legacy network has no validated pedestrian walking areas; P_ALL is an all-red vehicle interval. Phase changes show signal.yellow_s of yellow and signal.all_red_s of all-red clearance.,9001,900,0.3894849785407726,SUMO 1.27.1,900,193,M,0.22,8.53960396039604,8.575129533678757,36.0,7.112759643916914,18.0,772.0,42.35751295336787,9,12.260167618000196,3
1,sumo_traci_virtual_pedestrian,154,0,d7d3eba4197cb6867d95ef61b759bdb2534a594f5ca30eb5c514dac852880f53,equal_bargaining,0,,,,0.9666666666666667,2.0766666666666667,evaluation period only (after warmup_s),280,97,4,26,7.653465346534653,21,74,sumo_actual__S2_pedestrian_heavy__equal_bargaining__9002,0.5.0,S2_pedestrian_heavy,Vehicle movement and signal execution are SUMO/TraCI. Pedestrians are virtual queues because the bundled legacy network has no validated pedestrian walking areas; P_ALL is an all-red vehicle interval. Phase changes show signal.yellow_s of yellow and signal.all_red_s of all-red clearance.,9002,900,0.3894849785407726,SUMO 1.27.1,900,196,M,0.22,9.84390243902439,9.755102040816327,34.0,7.391843056272586,18.0,784.0,43.142857142857146,9,12.865917110999817,3
1,sumo_traci_virtual_pedestrian,146,0,68fa06f25bbf1d9326b7c5048ba3d24376e0d4aac899a25e094a7c048605f47f,equal_bargaining,0,,,,0.8111111111111111,1.8222222222222222,evaluation period only (after warmup_s),304,104,0,24,6.105769230769231,22,74,sumo_actual__S2_pedestrian_heavy__equal_bargaining__9003,0.5.0,S2_pedestrian_heavy,Vehicle movement and signal execution are SUMO/TraCI. Pedestrians are virtual queues because the bundled legacy network has no validated pedestrian walking areas; P_ALL is an all-red vehicle interval. Phase changes show signal.yellow_s of yellow and signal.all_red_s of all-red clearance.,9003,900,0.3894849785407726,SUMO 1.27.1,900,196,M,0.22,8.546341463414635,8.53061224489796,32.0,7.056939501779359,17.0,784.0,41.65816326530612,9,13.186408517000018,3
1,sumo_traci_virtual_pedestrian,168,0,f9079e356aa85d7237842650c8b21ee99fc14c3a1c5c7d7da3e74d8245e4b9a8,fixed_time,0,37,"{""P_ALL"": 13, ""V_EW"": 14, ""V_NS"": 10}",demand_based,1.2544444444444445,1.6277777777777778,evaluation period only (after warmup_s),249,96,0,27,10.760416666666666,26,73,sumo_actual__S2_pedestrian_heavy__fixed_time__9001,0.5.0,S2_pedestrian_heavy,Vehicle movement and signal execution are SUMO/TraCI. Pedestrians are virtual queues because the bundled legacy network has no validated pedestrian walking areas; P_ALL is an all-red vehicle interval. Phase changes show signal.yellow_s of yellow and signal.all_red_s of all-red clearance.,9001,900,0.3894849785407726,SUMO 1.27.1,900,198,M,0.22,7.694174757281553,7.484848484848484,24.0,8.05537024683122,19.0,792.0,39.833333333333336,8,6.049705030000041,3
1,sumo_traci_virtual_pedestrian,168,0,c4fb89b6b1cf1a081326d7f778b3d17a1e5facd73befbfdcd100aceb7f52574f,fixed_time,0,37,"{""P_ALL"": 13, ""V_EW"": 14, ""V_NS"": 10}",demand_based,1.4777777777777779,1.6833333333333333,evaluation period only (after warmup_s),249,104,0,27,12.076923076923077,26,73,sumo_actual__S2_pedestrian_heavy__fixed_time__9002,0.5.0,S2_pedestrian_heavy,Vehicle movement and signal execution are SUMO/TraCI. Pedestrians are virtual queues because the bundled legacy network has no validated pedestrian walking areas; P_ALL is an all-red vehicle interval. Phase changes show signal.yellow_s of yellow and signal.all_red_s of all-red clearance.,9002,900,0.3894849785407726,SUMO 1.27.1,900,197,M,0.22,7.882926829268293,7.659898477157361,25.0,8.14757281553398,19.0,788.0,40.17766497461929,8,6.2127960940001685,3
1,sumo_traci_virtual_pedestrian,168,0,dadee2e976913291d4a3aa3ba4a4d759243e08c3dc267e7708cf1251a7dd03a7,fixed_time,0,37,"{""P_ALL"": 13, ""V_EW"": 14, ""V_NS"": 10}",demand_based,1.5,1.5788888888888888,evaluation period only (after warmup_s),249,104,0,27,12.067307692307692,26,73,sumo_actual__S2_pedestrian_heavy__fixed_time__9003,0.5.0,S2_pedestrian_heavy,Vehicle movement and signal execution are SUMO/TraCI. Pedestrians are virtual queues because the bundled legacy network has no validated pedestrian walking areas; P_ALL is an all-red vehicle interval. Phase changes show signal.yellow_s of yellow and signal.all_red_s of all-red clearance.,9003,900,0.3894849785407726,SUMO 1.27.1,900,199,M,0.22,7.5893719806763285,7.371859296482412,24.0,7.890041493775934,18.0,796.0,39.527638190954775,8,2.870116869999947,3
1,sumo_traci_virtual_pedestrian,174,0,27080414337c4009eb4a330c7389fea6dc28f1c65f505f6a10c992df9a93707a,efficiency,0,,,,0.9666666666666667,2.1355555555555554,evaluation period only (after warmup_s),220,59,1,54,14.2,41,71,sumo_actual__S3_vehicle_heavy__efficiency__9001,0.5.0,S3_vehicle_heavy,Vehicle movement and signal execution are SUMO/TraCI. Pedestrians are virtual queues because the bundled legacy network has no validated pedestrian walking areas; P_ALL is an all-red vehicle interval. Phase changes show signal.yellow_s of yellow and signal.all_red_s of all-red clearance.,9001,900,0.6019313304721031,SUMO 1.27.1,900,307,H,0.34,6.881028938906752,6.833876221498372,27.0,6.986091127098321,17.0,1228.0,39.697068403908794,4,3.410075149000022,3
1,sumo_traci_virtual_pedestrian,182,0,d4a99999868c418b775a52917654b4944e118cb1f2c88bab6ea2880a78145e14,efficiency,0,,,,1.0888888888888888,2.3722222222222222,evaluation period only (after warmup_s),216,73,0,49,12.835616438356164,26,72,sumo_actual__S3_vehicle_heavy__efficiency__9002,0.5.0,S3_vehicle_heavy,Vehicle movement and signal execution are SUMO/TraCI. Pedestrians are virtual queues because the bundled legacy network has no validated pedestrian walking areas; P_ALL is an all-red vehicle interval. Phase changes show signal.yellow_s of yellow and signal.all_red_s of all-red clearance.,9002,900,0.6019313304721031,SUMO 1.27.1,900,304,H,0.34,7.49520766773163,7.526315789473684,31.0,7.483268144285093,18.0,1216.0,40.483552631578945,9,4.312853937999989,3
1,sumo_traci_virtual_pedestrian,184,0,fde43a041fd76d6628513be1a9eeb4a2d67470ddaca95326d5a3740ed5eebee1,efficiency,0,,,,0.9477777777777778,2.511111111111111,evaluation period only (after warmup_s),200,62,1,40,12.555555555555555,34,72,sumo_actual__S3_vehicle_heavy__efficiency__9003,0.5.0,S3_vehicle_heavy,Vehicle movement and signal execution are SUMO/TraCI. Pedestrians are virtual queues because the bundled legacy network has no validated pedestrian walking areas; P_ALL is an all-red vehicle interval. Phase changes show signal.yellow_s of yellow and signal.all_red_s of all-red clearance.,9003,900,0.6019313304721031,SUMO 1.27.1,900,303,H,0.34,7.964743589743589,7.924092409240924,32.0,7.260566270004103,18.0,1212.0,41.0990099009901,9,4.300908967999931,3
1,sumo_traci_virtual_pedestrian,184,0,05c2d535b9d94460df76ac5bd91b6910d3a563b8d70a13ee908969b5893e222d,efpb,0,,,,0.7811111111111111,2.381111111111111,evaluation period only (after warmup_s),205,58,1,46,10.932203389830509,28,71,sumo_actual__S3_vehicle_heavy__efpb__9001,0.5.0,S3_vehicle_heavy,Vehicle movement and signal execution are SUMO/TraCI. Pedestrians are virtual queues because the bundled legacy network has no validated pedestrian walking areas; P_ALL is an all-red vehicle interval. Phase changes show signal.yellow_s of yellow and signal.all_red_s of all-red clearance.,9001,900,0.6019313304721031,SUMO 1.27.1,900,309,H,0.34,7.715654952076678,7.68284789644013,35.0,7.182650392327812,18.0,1236.0,40.90291262135922,4,12.233013131999996,3
1,sumo_traci_virtual_pedestrian,173,0,93ba840477bf91e51a7de3e863470d09777ec74d471f6a26e2103a710e3136ea,efpb,0,,,,0.9077777777777778,2.158888888888889,evaluation period only (after warmup_s),218,69,1,40,10.685714285714285,30,71,sumo_actual__S3_vehicle_heavy__efpb__9002,0.5.0,S3_vehicle_heavy,Vehicle movement and signal execution are SUMO/TraCI. Pedestrians are virtual queues because the bundled legacy network has no validated pedestrian walking areas; P_ALL is an all-red vehicle interval. Phase changes show signal.yellow_s of yellow and signal.all_red_s of all-red clearance.,9002,900,0.6019313304721031,SUMO 1.27.1,900,309,H,0.34,7.139240506329114,7.029126213592233,33.0,7.410672853828307,19.0,1236.0,39.980582524271846,7,12.736350942999707,3
1,sumo_traci_virtual_pedestrian,185,0,e2bdb4b3b7cadd22ff285730929119fc0e58579fe756222a10ea0215e6a0e89d,efpb,0,,,,0.7922222222222223,2.382222222222222,evaluation period only (after warmup_s),193,63,0,37,10.317460317460318,32,71,sumo_actual__S3_vehicle_heavy__efpb__9003,0.5.0,S3_vehicle_heavy,Vehicle movement and signal execution are SUMO/TraCI. Pedestrians are virtual queues because the bundled legacy network has no validated pedestrian walking areas; P_ALL is an all-red vehicle interval. Phase changes show signal.yellow_s of yellow and signal.all_red_s of all-red clearance.,9003,900,0.6019313304721031,SUMO 1.27.1,900,304,H,0.34,7.573717948717949,7.628289473684211,36.0,7.393088552915767,19.0,1216.0,40.70723684210526,8,13.475914062999891,3
1,sumo_traci_virtual_pedestrian,162,0,56ecf5f9521be3d3b47053e5436b3b24567f147042144dc21ed25e162797d5c2,equal_bargaining,0,,,,0.4922222222222222,2.8033333333333332,evaluation period only (after warmup_s),261,59,0,18,6.508474576271187,16,73,sumo_actual__S3_vehicle_heavy__equal_bargaining__9001,0.5.0,S3_vehicle_heavy,Vehicle movement and signal execution are SUMO/TraCI. Pedestrians are virtual queues because the bundled legacy network has no validated pedestrian walking areas; P_ALL is an all-red vehicle interval. Phase changes show signal.yellow_s of yellow and signal.all_red_s of all-red clearance.,9001,900,0.6019313304721031,SUMO 1.27.1,900,310,H,0.34,8.977777777777778,8.948387096774194,38.0,8.546909903201787,21.0,1240.0,42.07741935483871,5,11.452044168999691,3
1,sumo_traci_virtual_pedestrian,154,0,fa4b241bd7e6d02825fdda42445d1ac2e8194b0d01967c185eb6b04993e498fe,equal_bargaining,0,,,,0.6244444444444445,2.7088888888888887,evaluation period only (after warmup_s),284,72,0,26,7.013888888888889,16,73,sumo_actual__S3_vehicle_heavy__equal_bargaining__9002,0.5.0,S3_vehicle_heavy,Vehicle movement and signal execution are SUMO/TraCI. Pedestrians are virtual queues because the bundled legacy network has no validated pedestrian walking areas; P_ALL is an all-red vehicle interval. Phase changes show signal.yellow_s of yellow and signal.all_red_s of all-red clearance.,9002,900,0.6019313304721031,SUMO 1.27.1,900,310,H,0.34,8.757097791798108,8.59032258064516,41.0,9.629587589860007,26.0,1240.0,41.8,7,10.347530454999742,3
1,sumo_traci_virtual_pedestrian,167,0,f860e87ee8cb2f798aa7e05efd0d53f37d15dee7ec59c53ff356815c6a901118,equal_bargaining,0,,,,0.49777777777777776,2.971111111111111,evaluation period only (after warmup_s),252,63,0,26,6.111111111111111,16,73,sumo_actual__S3_vehicle_heavy__equal_bargaining__9003,0.5.0,S3_vehicle_heavy,Vehicle movement and signal execution are SUMO/TraCI. Pedestrians are virtual queues because the bundled legacy network has no validated pedestrian walking areas; P_ALL is an all-red vehicle interval. Phase changes show signal.yellow_s of yellow and signal.all_red_s of all-red clearance.,9003,900,0.6019313304721031,SUMO 1.27.1,900,307,H,0.34,9.457142857142857,9.374592833876221,40.0,8.669102296450939,21.0,1228.0,42.244299674267104,8,11.333156417999817,3
1,sumo_traci_virtual_pedestrian,168,0,30fdd78501e136b07f60fd3e59e029605260dabde2f07234d3216c8ed0eeeb1b,fixed_time,0,37,"{""P_ALL"": 13, ""V_EW"": 14, ""V_NS"": 10}",demand_based,0.7055555555555556,3.062222222222222,evaluation period only (after warmup_s),249,59,0,27,9.76271186440678,26,73,sumo_actual__S3_vehicle_heavy__fixed_time__9001,0.5.0,S3_vehicle_heavy,Vehicle movement and signal execution are SUMO/TraCI. Pedestrians are virtual queues because the bundled legacy network has no validated pedestrian walking areas; P_ALL is an all-red vehicle interval. Phase changes show signal.yellow_s of yellow and signal.all_red_s of all-red clearance.,9001,900,0.6019313304721031,SUMO 1.27.1,900,309,H,0.34,9.485714285714286,9.475728155339805,25.0,8.55046503616948,19.0,1236.0,42.48543689320388,6,6.322318721999636,3
1,sumo_traci_virtual_pedestrian,168,0,b3cebfab2b803a871b11ecd0dd530520115d7b1ad32bd3561b3d33a794913c86,fixed_time,0,37,"{""P_ALL"": 13, ""V_EW"": 14, ""V_NS"": 10}",demand_based,0.9477777777777778,3.0844444444444443,evaluation period only (after warmup_s),249,72,0,27,11.055555555555555,26,73,sumo_actual__S3_vehicle_heavy__fixed_time__9002,0.5.0,S3_vehicle_heavy,Vehicle movement and signal execution are SUMO/TraCI. Pedestrians are virtual queues because the bundled legacy network has no validated pedestrian walking areas; P_ALL is an all-red vehicle interval. Phase changes show signal.yellow_s of yellow and signal.all_red_s of all-red clearance.,9002,900,0.6019313304721031,SUMO 1.27.1,900,310,H,0.34,9.558730158730159,9.59032258064516,24.0,8.659160696008188,19.0,1240.0,42.68387096774194,5,6.75724318399989,3
1,sumo_traci_virtual_pedestrian,168,0,20f3411341b7f2af21aeee42ac90923fd8dd7808a59a9fa83f06a99abb58019a,fixed_time,0,37,"{""P_ALL"": 13, ""V_EW"": 14, ""V_NS"": 10}",demand_based,0.7888888888888889,2.92,evaluation period only (after warmup_s),249,64,0,27,10.234375,26,73,sumo_actual__S3_vehicle_heavy__fixed_time__9003,0.5.0,S3_vehicle_heavy,Vehicle movement and signal execution are SUMO/TraCI. Pedestrians are virtual queues because the bundled legacy network has no validated pedestrian walking areas; P_ALL is an all-red vehicle interval. Phase changes show signal.yellow_s of yellow and signal.all_red_s of all-red clearance.,9003,900,0.6019313304721031,SUMO 1.27.1,900,310,H,0.34,9.038095238095238,9.04516129032258,24.0,8.410998552821997,19.0,1240.0,41.81935483870968,5,3.6979217060002156,3
