backend,group,scenario,controller,seed,person_delay_s,max_norm_wait,ped_mean_wait_s,veh_mean_wait_s,collisions,emergency_stops,ped_unserved,veh_unfinished
SUMO,nominal,C_LM,efpb,4003,5.818173943173943,0.36,8.794871794871796,5.482456140350878,0,0,0,1
SUMO,stress,T_SS,equal_bargaining,4005,260.9991628402547,28.48,1224.382541720154,23.724619810933003,0,0,609,24
SUMO,stress,T_HS,equal_bargaining,4010,61.04850886581239,8.95,330.9236641221374,26.434450572761985,0,0,99,29
SUMO,nominal,C_HM,efficiency,4005,8.230467381402846,0.41,8.232736572890026,8.22961104140527,0,0,0,9
SUMO,nominal,C_MH,equal_bargaining,4004,8.671235129652981,0.48,7.397379912663755,8.854115729421354,0,0,1,4
SUMO,nominal,C_LM,efficiency,4004,5.308694875915015,0.4,8.25,5.057934508816121,0,0,0,1
SUMO,nominal,C_HL,fixed_time,4005,9.200324976787373,0.27,11.62915601023018,7.18232044198895,0,0,0,0
SUMO,stress,T_OO,equal_bargaining,4002,425.8524407428439,35.95,1809.108635097493,20.771297278190172,0,0,1077,39
SUMO,nominal,C_HM,equal_bargaining,4006,8.262888764359765,0.39,7.114285714285714,8.687032418952619,0,0,3,10
SUMO,nominal,C_HL,efpb,4006,4.602267414679757,0.34,4.524675324675325,4.665745856353591,0,0,0,1
SUMO,stress,T_OO,equal_bargaining,4003,437.6937236407455,35.99,1808.6875,21.937346004927843,0,0,1120,48
SUMO,nominal,C_HM,efpb,4009,7.441829608938548,0.38,7.854591836734694,7.28625,0,0,0,10
SUMO,stress,T_SS,equal_bargaining,4009,256.8345556623337,28.4,1141.925245098039,26.691797845898922,0,0,628,26
SUMO,nominal,C_HM,efficiency,4010,7.9327460850111855,0.41,8.330788804071247,7.7819548872180455,0,0,6,9
SUMO,nominal,C_MH,efpb,4003,7.902633255468252,0.54,10.843971631205674,7.384740259740259,0,0,0,3
SUMO,stress,T_SH,fixed_time,4002,10.7273258239466,0.54,16.0,8.095934959349593,0,0,1,5
SUMO,nominal,C_MM,equal_bargaining,4007,7.755839133797371,0.49,6.07905138339921,8.16375,0,0,0,5
SUMO,nominal,C_ML,efficiency,4002,4.379848229342326,0.39,4.037344398340249,4.55524861878453,0,0,0,0
SUMO,nominal,C_LL,fixed_time,4010,7.967048213666319,0.27,11.00943396226415,7.281767955801105,0,0,0,0
SUMO,nominal,C_LH,fixed_time,4005,8.408544172542513,0.27,11.11111111111111,8.256305939788446,0,0,0,4
SUMO,nominal,C_HL,efpb,4004,4.607669973384951,0.47,4.786516853932584,4.472375690607735,0,0,0,3
SUMO,nominal,C_HM,fixed_time,4006,8.812210526315791,0.27,11.924675324675325,7.66,0,0,1,9
SUMO,nominal,C_LL,efficiency,4010,4.071106486298994,0.35,5.613207547169812,3.723756906077348,0,0,0,0
SUMO,nominal,C_LM,equal_bargaining,4004,5.196482770933761,0.34,6.511363636363637,5.084382871536524,0,0,0,1
SUMO,stress,T_SH,efficiency,4002,9.295355830270632,0.45,9.814536340852131,9.035830618892508,0,0,5,6
SUMO,nominal,C_HM,efficiency,4001,8.22589610204518,0.46,8.803867403314918,8.024968789013732,0,0,0,8
SUMO,nominal,C_MH,efficiency,4006,7.746386192017261,0.68,11.68235294117647,7.11869918699187,0,0,1,4
SUMO,nominal,C_ML,equal_bargaining,4006,4.27273980154355,0.44,4.301960784313725,4.2569060773480665,0,0,1,2
SUMO,nominal,C_LL,fixed_time,4009,7.69252568189869,0.26,9.638297872340425,7.303867403314917,0,0,0,0
SUMO,stress,T_HS,equal_bargaining,4001,29.684921868128647,2.79,79.25661375661376,23.506643806258037,0,0,13,32
SUMO,nominal,C_MH,fixed_time,4008,8.6654965707188,0.27,11.413385826771654,8.228641171684297,0,0,0,5
SUMO,nominal,C_LM,equal_bargaining,4006,5.934895833333333,0.3,6.607142857142857,5.8625,0,0,0,10
SUMO,nominal,C_HH,efpb,4004,8.343242273589256,0.54,11.455056179775282,7.648736756316218,0,0,0,4
SUMO,stress,T_SH,fixed_time,4003,11.293376426788855,0.55,17.122037914691944,8.219333874898457,0,0,2,5
SUMO,nominal,C_HL,equal_bargaining,4009,4.880593554370508,0.45,5.301020408163265,4.530386740331492,0,0,0,0
SUMO,nominal,C_LH,efpb,4010,6.603381472349419,0.57,13.588785046728972,6.135179153094462,0,0,2,5
SUMO,nominal,C_MH,efpb,4007,8.163588104653053,0.54,12.310756972111554,7.511002444987775,0,0,0,5
SUMO,nominal,C_LL,efficiency,4007,4.236244841815681,0.31,5.72972972972973,3.883977900552486,0,0,0,0
SUMO,nominal,C_HL,fixed_time,4006,9.302594670406732,0.27,11.924675324675325,7.157458563535911,0,0,1,0
SUMO,nominal,C_HM,fixed_time,4004,8.124112712411272,0.27,10.067415730337078,7.458072590738423,0,0,1,9
SUMO,stress,T_SH,efpb,4001,9.744864864864866,0.52,10.370967741935484,9.429268292682927,0,0,3,4
SUMO,nominal,C_LL,efficiency,4009,4.120970598653914,0.44,5.542553191489362,3.8370165745856353,0,0,0,1
SUMO,stress,T_OO,fixed_time,4005,117.2437983922671,4.55,279.0146252285192,57.48244073748903,0,0,119,61
SUMO,nominal,C_LH,efpb,4006,6.905980903286275,0.57,16.419642857142858,6.2379788101059495,0,0,0,4
SUMO,stress,T_SH,efpb,4005,9.655027522164797,0.45,11.26898326898327,8.872668288726683,0,0,0,5
SUMO,nominal,C_ML,equal_bargaining,4008,4.356334529395529,0.45,4.177165354330708,4.45303867403315,0,0,0,0
SUMO,nominal,C_LH,fixed_time,4006,8.46697837521917,0.27,11.1875,8.276422764227643,0,0,0,5
SUMO,nominal,C_HH,efficiency,4003,8.986892219419301,0.46,10.945754716981131,8.467046379170057,0,0,0,5
SUMO,nominal,C_ML,efficiency,4001,4.202220348510399,0.44,4.04149377593361,4.2845303867403315,0,0,0,0
SUMO,stress,T_SH,fixed_time,4006,11.397755610972569,0.57,17.582403965303595,8.276422764227643,0,0,2,5
SUMO,nominal,C_MH,efficiency,4001,8.110095735422107,0.75,12.822314049586776,7.3957654723127035,0,0,0,2
SUMO,nominal,C_HH,equal_bargaining,4001,8.560791897806503,0.43,6.472375690607735,9.032441200324412,0,0,1,5
SUMO,nominal,C_LH,efpb,4002,6.923491443121929,0.57,17.78021978021978,6.305126118795769,0,0,1,5
SUMO,stress,T_SS,equal_bargaining,4001,245.7461246200608,28.09,1068.4934601664686,23.045606694560668,0,0,642,21
SUMO,nominal,C_ML,equal_bargaining,4003,4.708488557743481,0.41,4.669039145907473,4.732044198895028,0,0,0,0
SUMO,nominal,C_HM,efpb,4002,7.508950337814307,0.37,8.188916876574307,7.249061326658323,0,0,3,9
SUMO,stress,T_SS,equal_bargaining,4003,206.5764805683686,18.05,741.0979262672811,46.820053715308866,0,0,262,37
SUMO,nominal,C_HH,equal_bargaining,4009,8.79708256052935,0.39,6.6938775510204085,9.311435523114355,0,0,0,3
SUMO,stress,T_OO,fixed_time,4010,116.71158921255686,4.95,264.9584462511292,59.56450882752377,0,0,132,67
SUMO,nominal,C_ML,efpb,4005,4.571690657634773,0.32,5.063025210084033,4.323204419889502,0,0,0,1
SUMO,nominal,C_ML,fixed_time,4001,8.399241146711635,0.27,10.867219917012449,7.1353591160221,0,0,0,0
SUMO,nominal,C_LM,efficiency,4005,5.647027553822982,0.38,8.188888888888888,5.4267834793491865,0,0,0,5
SUMO,nominal,C_MH,equal_bargaining,4003,9.019763055835947,0.49,6.347517730496454,9.490658001624695,0,0,0,5
SUMO,nominal,C_LM,efficiency,4008,6.223116883116883,0.36,9.608695652173912,5.84875,0,0,0,10
SUMO,nominal,C_ML,equal_bargaining,4004,4.667764099627827,0.47,4.421052631578948,4.787292817679558,0,0,0,0
SUMO,nominal,C_LM,equal_bargaining,4008,6.223652384243262,0.38,7.086956521739131,6.128428927680798,0,0,0,11
SUMO,nominal,C_HH,equal_bargaining,4003,9.150064426603231,0.55,7.089622641509434,9.698205546492659,0,0,0,4
SUMO,nominal,C_ML,efpb,4006,4.352398015435502,0.36,4.752941176470588,4.1353591160221,0,0,1,2
SUMO,nominal,C_ML,efficiency,4008,4.591498757935413,0.36,4.346456692913386,4.723756906077348,0,0,0,0
SUMO,nominal,C_HL,equal_bargaining,4010,4.773823324831903,0.48,5.0229591836734695,4.566298342541437,0,0,0,0
SUMO,stress,T_HS,efficiency,4006,23.178031507443272,1.63,37.65714285714286,21.36490486257928,0,0,6,38
SUMO,stress,T_HS,efpb,4003,28.593208957402705,0.57,27.899061032863848,28.69180754226268,0,0,0,35
SUMO,stress,T_SH,equal_bargaining,4009,9.533316726865115,0.46,8.17632552404439,10.222131814483319,0,0,1,11
SUMO,nominal,C_HH,efpb,4007,8.317733253588516,0.56,10.870731707317074,7.662052117263844,0,0,1,5
SUMO,nominal,C_HM,fixed_time,4007,9.05174554988271,0.27,12.368932038834952,7.734335839598997,0,0,2,11
SUMO,nominal,C_ML,efpb,4007,4.7858924611973395,0.3,4.565737051792829,4.903314917127072,0,0,0,0
SUMO,nominal,C_HL,equal_bargaining,4007,4.7536906654553714,0.35,5.114634146341463,4.439226519337017,0,0,0,0
SUMO,stress,T_OO,fixed_time,4003,119.86577181208054,5.86,292.1742957746479,54.42850934376358,0,0,161,67
SUMO,nominal,C_LH,equal_bargaining,4009,6.899614586421584,0.46,7.148936170212766,6.884897959183673,0,0,0,5
SUMO,nominal,C_HM,fixed_time,4002,8.533467994706415,0.27,11.327455919395465,7.46558197747184,0,0,0,9
SUMO,nominal,C_HL,equal_bargaining,4004,4.459593515606097,0.47,4.98314606741573,4.06353591160221,0,0,0,0
SUMO,nominal,C_HH,efficiency,4007,8.60765049124732,0.53,11.64390243902439,7.827220863895681,0,0,1,2
SUMO,stress,T_SH,efficiency,4007,9.792470568999347,0.48,10.058823529411764,9.650651465798045,0,0,5,6
SUMO,stress,T_SH,efficiency,4009,9.486078789893616,0.44,9.675308641975308,9.390065146579804,0,0,2,6
SUMO,nominal,C_HH,efficiency,4004,8.792937317410692,0.51,11.69943820224719,8.144254278728607,0,0,2,4
SUMO,nominal,C_ML,equal_bargaining,4002,4.662872400224845,0.37,4.398340248962656,4.798342541436464,0,0,0,0
SUMO,stress,T_SS,fixed_time,4007,32.467177753963675,0.49,16.75817757009346,37.29845866417562,0,0,5,45
SUMO,stress,T_SS,efpb,4008,32.83511718535595,0.57,26.86284289276808,34.52058554437328,0,0,1,48
SUMO,nominal,C_HM,equal_bargaining,4008,8.030686425276107,0.38,7.265463917525773,8.315461346633416,0,0,0,11
SUMO,stress,T_HS,efficiency,4010,26.91471407029347,1.61,42.13636363636363,24.939948892674618,0,0,8,33
SUMO,nominal,C_HM,efpb,4004,6.79619020338012,0.38,8.604456824512535,6.170426065162907,0,0,2,9
SUMO,stress,T_HS,equal_bargaining,4009,32.75933441558441,6.55,107.66836734693878,23.15561224489796,0,0,63,32
SUMO,stress,T_SS,fixed_time,4009,34.8019874242084,0.58,16.127317676143388,40.288951841359776,0,0,6,39
SUMO,nominal,C_HM,fixed_time,4001,8.63805038178834,0.27,11.433333333333334,7.6716604244694135,0,0,0,10
SUMO,nominal,C_LL,equal_bargaining,4004,4.062298603651987,0.36,4.75,3.9337016574585637,0,0,0,0
SUMO,nominal,C_HL,efficiency,4009,5.062601437514491,0.41,4.043367346938775,5.911602209944752,0,0,0,0
SUMO,stress,T_SS,efpb,4007,34.00726906427813,0.56,26.272196261682243,36.3576372865713,0,0,2,40
SUMO,stress,T_HS,fixed_time,4010,35.61063064200492,0.36,12.616751269035532,38.876288659793815,0,0,1,39
SUMO,nominal,C_HH,equal_bargaining,4002,9.270066763716681,0.54,6.425692695214106,9.97799511002445,0,0,0,2
SUMO,stress,T_SS,equal_bargaining,4007,197.2498891294707,16.15,698.6252796420582,44.75453339230429,0,0,346,33
SUMO,stress,T_HS,efpb,4005,25.875754910583407,0.57,25.605063291139242,25.911206896551725,0,0,0,38
SUMO,stress,T_HS,fixed_time,4002,35.62317383518175,0.38,11.327455919395465,39.085394307046194,0,0,0,47
SUMO,nominal,C_MM,equal_bargaining,4002,7.527232945221536,0.33,5.54356846473029,7.987484355444305,0,0,1,10
SUMO,nominal,C_MH,efpb,4001,8.24553959965187,0.51,12.669421487603305,7.574918566775244,0,0,0,2
SUMO,nominal,C_HM,efpb,4008,7.81437587657784,0.39,8.186528497409327,7.67625,0,0,0,10
SUMO,nominal,C_HM,equal_bargaining,4001,7.954892040190979,0.39,7.3259668508287294,8.173533083645443,0,0,0,7
SUMO,stress,T_SH,fixed_time,4010,11.070213729769797,0.46,16.442028985507246,8.290820471161657,0,0,1,5
SUMO,stress,T_SS,efficiency,4007,32.458849664106204,0.8,29.935034802784223,33.2157394843962,0,0,13,37
SUMO,nominal,C_MH,fixed_time,4007,8.813050288986117,0.27,12.111553784860558,8.295694557270512,0,0,1,5
SUMO,stress,T_OO,fixed_time,4006,108.0704871060172,4.09,243.8687615526802,57.94811529933481,0,0,107,66
SUMO,nominal,C_HM,efpb,4007,7.4578802477632475,0.35,8.167070217917676,7.17625,0,0,0,5
SUMO,stress,T_SH,fixed_time,4007,11.244799088059274,0.49,16.75817757009346,8.295694557270512,0,0,5,5
SUMO,stress,T_SS,efficiency,4001,31.646838546297047,0.84,30.38442521631644,31.998656515897896,0,0,11,42
SUMO,stress,T_OO,efficiency,4008,59.86369899045567,1.13,59.341904761904765,60.04993371630579,0,0,20,75
SUMO,stress,T_HS,fixed_time,4003,45.17374322791987,0.55,12.29245283018868,50.241965973534974,0,0,0,51
SUMO,nominal,C_LM,equal_bargaining,4007,5.348833159177986,0.33,6.009009009009009,5.2781954887218046,0,0,0,6
SUMO,nominal,C_LM,fixed_time,4002,7.721076391962468,0.27,10.637362637362637,7.46558197747184,0,0,0,9
SUMO,stress,T_HS,efficiency,4001,25.348265557248332,1.35,41.53551912568306,23.40401023890785,0,0,7,32
SUMO,nominal,C_LH,equal_bargaining,4004,7.295951080503443,0.46,7.125,7.305374592833876,0,0,0,7
SUMO,nominal,C_LM,fixed_time,4003,7.854278305963699,0.27,11.025641025641026,7.4975,0,0,0,10
SUMO,nominal,C_HM,equal_bargaining,4009,7.854120111731844,0.38,6.846938775510204,8.23375,0,0,0,10
SUMO,nominal,C_LL,efficiency,4001,3.759764949879018,0.44,3.5555555555555554,3.8066298342541436,0,0,0,0
SUMO,nominal,C_MM,efficiency,4003,6.899592329759927,0.45,8.141843971631205,6.56359102244389,0,0,0,11
SUMO,nominal,C_ML,efficiency,4007,4.980875831485588,0.35,4.45816733067729,5.259668508287293,0,0,0,0
SUMO,nominal,C_MH,efpb,4002,7.925055745907435,0.46,12.5850622406639,7.22213181448332,0,0,0,4
SUMO,nominal,C_HH,efpb,4010,8.732281089775812,0.53,10.959287531806616,8.184039087947882,0,0,0,7
SUMO,stress,T_HS,efpb,4008,26.832958757771227,0.56,28.47680412371134,26.623020967051776,0,0,0,40
SUMO,nominal,C_MH,fixed_time,4005,8.693196056000437,0.27,11.626050420168067,8.256305939788446,0,0,0,4
SUMO,nominal,C_HM,efficiency,4006,7.752661810030821,0.39,8.11948051948052,7.617206982543641,0,0,0,8
SUMO,nominal,C_ML,efpb,4003,5.154071314529005,0.35,5.06049822064057,5.209944751381215,0,0,0,0
SUMO,nominal,C_ML,fixed_time,4004,8.162181505868881,0.27,10.087719298245615,7.2292817679558015,0,0,1,0
SUMO,nominal,C_LH,fixed_time,4002,8.232781065088757,0.27,10.637362637362637,8.095934959349593,0,0,0,5
SUMO,nominal,C_HH,efficiency,4009,9.100753390256152,0.45,11.528061224489797,8.50569105691057,0,0,0,5
SUMO,stress,T_SS,fixed_time,4003,42.465950817848004,0.55,17.122037914691944,50.241965973534974,0,0,2,51
SUMO,nominal,C_LL,equal_bargaining,4007,4.418672627235213,0.27,5.315315315315315,4.207182320441989,0,0,0,0
SUMO,nominal,C_MM,efpb,4006,7.253108828299992,0.4,8.3359375,6.986232790988736,0,0,1,9
SUMO,nominal,C_HL,equal_bargaining,4001,4.680110763303636,0.45,5.016666666666667,4.422651933701657,0,0,0,0
SUMO,stress,T_HS,equal_bargaining,4006,36.279979099538444,5.19,132.51295336787564,24.136421589460262,0,0,51,30
SUMO,stress,T_SH,efpb,4008,9.13000834724541,0.44,10.296110414052698,8.548780487804878,0,0,1,5
SUMO,stress,T_OO,efpb,4003,59.27860583591839,0.57,28.705726872246697,71.53973357831879,0,0,3,91
SUMO,nominal,C_HH,efficiency,4008,8.501436419535308,0.48,10.41388174807198,8.035044824775877,0,0,0,3
SUMO,nominal,C_ML,efficiency,4009,4.852876410679879,0.42,4.34375,5.129834254143646,0,0,0,0
SUMO,nominal,C_LH,efficiency,4002,7.005921714928644,0.73,16.824175824175825,6.446704637917006,0,0,1,5
SUMO,nominal,C_LH,efficiency,4001,7.364687922024544,0.67,16.63888888888889,6.736756316218419,0,0,0,5
SUMO,nominal,C_HL,efpb,4009,4.729306747043821,0.32,4.686224489795919,4.765193370165746,0,0,0,0
SUMO,nominal,C_ML,efpb,4009,4.716763005780346,0.33,4.6328125,4.762430939226519,0,0,0,0
SUMO,stress,T_HS,efficiency,4007,25.998075801749273,1.15,38.01690821256039,24.348275862068967,0,0,8,35
SUMO,nominal,C_MM,efpb,4001,6.948258396321983,0.37,8.97107438016529,6.478152309612984,0,0,0,9
SUMO,nominal,C_LM,efpb,4007,5.09144645340751,0.31,7.610619469026549,4.81704260651629,0,0,0,6
SUMO,nominal,C_MH,efficiency,4010,8.53094568275265,0.54,12.626984126984127,7.884364820846906,0,0,0,7
SUMO,nominal,C_ML,fixed_time,4008,8.572177753243167,0.27,11.413385826771654,7.038674033149171,0,0,0,0
SUMO,stress,T_SH,equal_bargaining,4010,9.870169505505837,0.55,8.496977025392987,10.580960130187144,0,0,2,6
SUMO,nominal,C_LH,efpb,4007,6.499531451329507,0.56,15.288288288288289,5.888436482084691,0,0,1,5
SUMO,stress,T_SS,efficiency,4003,33.01086840418714,0.78,31.766157461809637,33.376909254267744,0,0,4,37
SUMO,nominal,C_LH,efficiency,4006,7.011999531725592,0.67,15.830357142857142,6.393322475570033,0,0,0,5
SUMO,nominal,C_HL,fixed_time,4008,9.091057669857577,0.27,11.593264248704664,7.038674033149171,0,0,0,0
SUMO,stress,T_SH,efpb,4010,10.027744519218858,0.44,10.892382103990327,9.579462102689487,0,0,2,5
SUMO,nominal,C_HM,equal_bargaining,4005,8.201814375436149,0.35,6.407124681933842,8.88,0,0,0,9
SUMO,nominal,C_MM,fixed_time,4005,8.301956181533646,0.27,11.626050420168067,7.54125,0,0,0,10
SUMO,nominal,C_MH,efficiency,4009,8.67901101274023,0.62,13.59375,7.890879478827362,0,0,1,5
SUMO,nominal,C_ML,efpb,4002,4.186059584035975,0.33,4.5062240663900415,4.0220994475138125,0,0,0,0
SUMO,nominal,C_MH,equal_bargaining,4006,8.825555734969589,0.54,5.929411764705883,9.286293592862936,0,0,1,5
SUMO,nominal,C_HH,efficiency,4005,8.760548576004803,0.5,11.435443037974684,8.101378751013787,0,0,0,5
SUMO,stress,T_HS,equal_bargaining,4004,244.47215163066497,18.8,619.9195710455764,152.08404802744425,0,0,189,78
SUMO,stress,T_HS,efpb,4001,27.288386963085756,0.57,27.942622950819672,27.208890807078117,0,0,5,38
SUMO,nominal,C_LH,equal_bargaining,4006,7.829957855303208,0.53,6.392857142857143,7.930781758957655,0,0,0,9
SUMO,nominal,C_HH,fixed_time,4007,9.129652636286835,0.27,12.368932038834952,8.295694557270512,0,0,2,5
SUMO,nominal,C_LL,efpb,4001,3.7374697545800206,0.44,3.712962962962963,3.7430939226519335,0,0,0,0
SUMO,nominal,C_HM,efficiency,4002,7.648215281650864,0.36,8.012594458438286,7.508771929824562,0,0,3,8
SUMO,nominal,C_MM,efficiency,4005,7.402087748214426,0.39,8.27310924369748,7.202007528230865,0,0,0,7
SUMO,stress,T_SS,efficiency,4010,34.106201486601385,0.9,32.50959232613909,34.57975034674064,0,0,7,45
SUMO,nominal,C_HL,fixed_time,4003,9.6900290632685,0.27,12.29245283018868,7.345303867403315,0,0,0,0
SUMO,nominal,C_MH,efpb,4008,8.03495145631068,0.56,12.556862745098039,7.313821138211382,0,0,0,4
SUMO,stress,T_SH,equal_bargaining,4007,9.810511756569849,0.45,8.763466042154567,10.367909238249595,0,0,0,8
SUMO,nominal,C_HM,efpb,4005,8.369866833995678,0.4,8.440203562340967,8.343320848938827,0,0,0,10
SUMO,nominal,C_LL,equal_bargaining,4008,4.036372950819672,0.39,3.608695652173913,4.140883977900552,0,0,0,0
SUMO,nominal,C_HM,efpb,4010,7.973573825503356,0.37,9.180661577608143,7.516290726817043,0,0,1,10
SUMO,stress,T_SH,equal_bargaining,4001,9.288933150753143,0.44,7.493184634448575,10.193025141930251,0,0,0,8
SUMO,stress,T_SS,fixed_time,4008,36.71066715234386,0.7,17.626884422110553,42.188935771214254,0,0,5,51
SUMO,nominal,C_MM,efpb,4009,7.414458948018845,0.4,9.390625,6.927409261576972,0,0,1,8
SUMO,nominal,C_ML,fixed_time,4007,9.026607538802661,0.27,12.111553784860558,7.3812154696132595,0,0,1,0
SUMO,nominal,C_LM,fixed_time,4008,7.971460693591628,0.27,10.539130434782608,7.687890137328339,0,0,0,10
SUMO,nominal,C_LH,equal_bargaining,4005,7.09801944971537,0.46,6.8,7.114820846905538,0,0,0,3
SUMO,nominal,C_ML,efpb,4010,5.161585365853658,0.39,5.091633466135458,5.198895027624309,0,0,0,0
SUMO,stress,T_HS,efpb,4006,27.44705778458097,0.57,27.807792207792208,27.40094950366854,0,0,0,34
SUMO,nominal,C_ML,efficiency,4010,4.987527716186253,0.39,5.171314741035856,4.889502762430939,0,0,0,0
SUMO,nominal,C_LL,equal_bargaining,4010,4.006937218175511,0.23,4.773584905660377,3.834254143646409,0,0,0,3
SUMO,stress,T_OO,efpb,4006,59.07396465039133,0.6,28.547486033519554,70.84780578898226,0,0,1,66
SUMO,nominal,C_MM,equal_bargaining,4009,7.8189768593762095,0.44,5.984375,8.272271016311167,0,0,1,7
SUMO,nominal,C_ML,fixed_time,4005,8.674851820491108,0.27,11.626050420168067,7.18232044198895,0,0,0,0
SUMO,nominal,C_MM,efpb,4005,7.2635707561970495,0.38,8.779166666666667,6.9120603015075375,0,0,0,6
SUMO,stress,T_OO,equal_bargaining,4007,420.91574713611857,36.0,1766.2242647058824,21.086292613636363,0,0,1088,39
SUMO,nominal,C_HL,efficiency,4003,5.099821149116924,0.49,4.502358490566038,5.638121546961326,0,0,0,1
SUMO,nominal,C_HH,efpb,4001,8.51017174401963,0.44,11.902777777777779,7.745114006514658,0,0,0,4
SUMO,nominal,C_LH,efpb,4003,7.3693357438619005,0.51,14.512820512820513,6.846216436126933,0,0,0,4
SUMO,nominal,C_LM,efpb,4010,5.07576417312549,0.34,8.0,4.775280898876405,0,0,0,10
SUMO,nominal,C_LL,efpb,4008,3.943476775956284,0.38,4.356521739130435,3.842541436464088,0,0,0,0
SUMO,nominal,C_MM,equal_bargaining,4001,8.165304692972216,0.47,6.680497925311204,8.508094645080947,0,0,1,10
SUMO,nominal,C_ML,equal_bargaining,4009,5.099229287090559,0.42,4.5859375,5.378453038674033,0,0,0,0
SUMO,nominal,C_HH,fixed_time,4009,8.808588648920141,0.27,10.604591836734693,8.36829268292683,0,0,1,5
SUMO,nominal,C_LM,efpb,4006,5.517511080212046,0.29,9.098214285714286,5.131414267834794,0,0,0,10
SUMO,nominal,C_MM,fixed_time,4002,8.096819567086035,0.27,10.817427385892117,7.46558197747184,0,0,0,9
SUMO,stress,T_SS,equal_bargaining,4010,1661.2046515972354,34.61,1647.3523255813955,1717.7716049382716,0,0,794,80
SUMO,nominal,C_LL,efficiency,4002,3.729522792022792,0.36,4.945054945054945,3.494475138121547,0,0,0,0
SUMO,nominal,C_HL,efficiency,4008,4.613588606117208,0.46,3.873056994818653,5.220994475138122,0,0,0,0
SUMO,nominal,C_HM,fixed_time,4008,8.744062215371681,0.27,11.593264248704664,7.687890137328339,0,0,0,10
SUMO,nominal,C_HL,efpb,4007,4.468203497615263,0.35,4.304878048780488,4.610497237569061,0,0,0,0
SUMO,stress,T_HS,efficiency,4003,24.86433197684416,1.15,39.943396226415096,22.778625954198475,0,0,5,33
SUMO,nominal,C_HL,efficiency,4001,4.958222971346015,0.47,4.177777777777778,5.55524861878453,0,0,0,0
SUMO,stress,T_SH,efficiency,4010,9.677527116756712,0.46,9.546553808948005,9.745321399511798,0,0,0,6
SUMO,nominal,C_HM,efficiency,4004,7.312522399827969,0.43,8.03342618384401,7.0627352572145545,0,0,0,5
SUMO,nominal,C_LM,efpb,4009,5.19840354767184,0.34,8.22340425531915,4.923270440251573,0,0,0,2
SUMO,nominal,C_LH,efpb,4004,7.126114876917589,0.53,16.25,6.622349102773247,0,0,0,5
SUMO,nominal,C_ML,fixed_time,4003,8.876663118680149,0.27,11.441281138790035,7.345303867403315,0,0,0,0
SUMO,nominal,C_ML,efpb,4008,4.198316312448247,0.3,4.366141732283465,4.107734806629834,0,0,0,0
SUMO,nominal,C_LL,efficiency,4003,3.9921715452688904,0.46,4.538461538461538,3.856353591160221,0,0,0,0
SUMO,stress,T_OO,equal_bargaining,4005,424.5103893355904,35.97,1823.6198113207547,19.967021276595744,0,0,1060,38
SUMO,nominal,C_HL,efficiency,4007,4.940040881217352,0.36,4.509756097560976,5.314917127071824,0,0,0,0
SUMO,nominal,C_HH,fixed_time,4006,8.984375,0.27,11.924675324675325,8.276422764227643,0,0,1,5
SUMO,nominal,C_HH,equal_bargaining,4004,9.154986454020346,0.45,6.879213483146067,9.661251015434607,0,0,2,9
SUMO,nominal,C_ML,fixed_time,4009,8.454720616570329,0.27,10.5703125,7.303867403314917,0,0,1,0
SUMO,stress,T_SS,fixed_time,4004,39.80693777167696,0.37,12.95125164690382,47.25213675213675,0,0,3,50
SUMO,stress,T_HS,equal_bargaining,4005,42.37898005213978,6.95,171.2715736040609,25.562634524321997,0,0,33,33
SUMO,stress,T_SH,equal_bargaining,4005,9.331297645621866,0.47,8.299741602067183,9.830219333874899,0,0,0,8
SUMO,stress,T_SH,efpb,4002,9.333040825707242,0.44,10.161654135338345,8.918500407497962,0,0,2,4
SUMO,nominal,C_LL,equal_bargaining,4002,3.7058404558404554,0.34,4.527472527472527,3.546961325966851,0,0,0,0
SUMO,nominal,C_LM,fixed_time,4001,8.000957104324371,0.27,11.175925925925926,7.6716604244694135,0,0,0,10
SUMO,nominal,C_LM,fixed_time,4005,7.825575221238938,0.27,11.11111111111111,7.54125,0,0,0,10
SUMO,stress,T_SS,equal_bargaining,4008,1757.9138458501925,35.0,1642.5634638196916,2328.908396946565,0,0,765,87
SUMO,nominal,C_HH,fixed_time,4010,9.145464574036003,0.27,12.616751269035532,8.290820471161657,0,0,1,5
SUMO,nominal,C_HH,efpb,4008,9.030034267284822,0.51,11.123711340206185,8.521172638436482,0,0,0,3
SUMO,nominal,C_MM,efficiency,4002,6.964126959369882,0.38,7.5103734439834025,6.837702871410737,0,0,1,10
SUMO,nominal,C_HH,equal_bargaining,4006,9.181900498012979,0.45,6.758441558441558,9.763990267639903,0,0,2,5
SUMO,nominal,C_LH,efficiency,4010,6.258034193055638,0.59,12.36448598130841,5.84841075794621,0,0,0,2
SUMO,stress,T_OO,efpb,4010,58.69689205462605,0.57,28.66269477543538,70.34997688395747,0,0,10,80
SUMO,nominal,C_ML,fixed_time,4010,8.902161862527716,0.27,11.9402390438247,7.281767955801105,0,0,1,0
SUMO,nominal,C_LH,equal_bargaining,4003,7.459322330436811,0.52,6.3760683760683765,7.538649308380798,0,0,0,6
SUMO,nominal,C_ML,efpb,4001,4.155143338954469,0.45,4.360995850622406,4.0497237569060776,0,0,0,1
SUMO,nominal,C_LM,equal_bargaining,4002,5.145436841639373,0.27,6.076923076923077,5.0638297872340425,0,0,0,9
SUMO,nominal,C_HM,equal_bargaining,4003,8.854925822109797,0.41,7.5,9.408010012515645,0,0,0,8
SUMO,nominal,C_LH,fixed_time,4004,8.252519264967397,0.27,9.738636363636363,8.170731707317072,0,0,0,5
SUMO,stress,T_OO,efficiency,4009,57.21242293766513,0.88,55.02587800369686,57.99956747404844,0,0,17,77
SUMO,nominal,C_LL,efficiency,4008,3.985655737704918,0.36,3.9043478260869566,4.005524861878453,0,0,0,0
SUMO,nominal,C_LH,fixed_time,4007,8.440133232045813,0.27,10.522522522522523,8.295694557270512,0,0,1,5
SUMO,stress,T_OO,equal_bargaining,4006,429.4573663073346,35.98,1834.694835680751,21.22553191489362,0,0,1065,45
SUMO,nominal,C_ML,efficiency,4003,5.058541777541246,0.41,5.064056939501779,5.05524861878453,0,0,0,0
SUMO,stress,T_OO,efpb,4007,59.74042046396023,0.65,28.11770072992701,72.2687969924812,0,0,15,59
SUMO,nominal,C_MH,equal_bargaining,4010,8.845543806646525,0.53,6.630952380952381,9.193993506493506,0,0,0,2
SUMO,nominal,C_LH,fixed_time,4010,8.459708140420794,0.27,11.00943396226415,8.290820471161657,0,0,0,5
SUMO,nominal,C_HL,fixed_time,4001,8.998194076571153,0.27,11.433333333333334,7.1353591160221,0,0,0,0
SUMO,stress,T_HS,equal_bargaining,4003,69.93465106897943,10.51,364.24413145539904,28.754910333048677,0,0,90,35
SUMO,nominal,C_LL,efpb,4002,3.654380341880342,0.35,4.967032967032967,3.4005524861878453,0,0,0,0
SUMO,nominal,C_LH,equal_bargaining,4010,7.194638352789347,0.46,6.869158878504673,7.216436126932465,0,0,0,5
SUMO,nominal,C_LL,efpb,4006,3.939752832131823,0.37,5.625,3.5386740331491713,0,0,0,0
SUMO,nominal,C_LL,efpb,4009,3.9665249734325183,0.37,5.638297872340425,3.632596685082873,0,0,0,0
SUMO,nominal,C_LL,efpb,4004,3.840494092373792,0.27,5.75,3.483425414364641,0,0,0,0
SUMO,nominal,C_LM,efpb,4004,5.080517164511814,0.4,8.079545454545455,4.825157232704402,0,0,0,2
SUMO,stress,T_SS,efficiency,4006,33.58971565530014,0.87,33.50061804697157,33.61489554950045,0,0,2,40
SUMO,nominal,C_LH,efficiency,4008,6.875357413783043,0.62,14.818965517241379,6.298616761594793,0,0,0,4
SUMO,nominal,C_LM,equal_bargaining,4001,5.776567944250871,0.45,7.055555555555555,5.64375,0,0,0,5
SUMO,nominal,C_MH,fixed_time,4003,8.700579386594375,0.27,11.441281138790035,8.219333874898457,0,0,0,5
SUMO,stress,T_HS,fixed_time,4001,36.97999935895381,0.38,11.433333333333334,40.312293923692884,0,0,0,46
SUMO,stress,T_OO,equal_bargaining,4004,422.4454799627213,36.0,1828.9019047619047,20.18484419263456,0,0,1050,43
SUMO,nominal,C_MH,equal_bargaining,4009,8.586253369272237,0.45,6.28125,8.955284552845528,0,0,1,6
SUMO,stress,T_HS,efpb,4004,26.954595137514403,0.57,27.977777777777778,26.832831972496777,0,0,3,34
SUMO,nominal,C_LH,equal_bargaining,4001,7.323724146012774,0.43,6.761467889908257,7.362082994304313,0,0,0,5
SUMO,nominal,C_HM,fixed_time,4010,8.940306834030684,0.27,12.616751269035532,7.5475,0,0,1,9
SUMO,nominal,C_ML,efficiency,4006,4.5826901874310915,0.33,4.607843137254902,4.569060773480663,0,0,1,1
SUMO,nominal,C_LL,fixed_time,4008,7.726092896174863,0.27,10.539130434782608,7.038674033149171,0,0,0,0
SUMO,nominal,C_LM,efficiency,4009,5.369667405764967,0.35,8.659574468085106,5.070440251572327,0,0,0,3
SUMO,nominal,C_MH,efficiency,4007,7.971040381076107,0.66,12.888446215139442,7.197882736156352,0,0,0,5
SUMO,nominal,C_LM,efficiency,4001,5.502999217595409,0.36,8.376146788990825,5.202247191011236,0,0,0,5
SUMO,nominal,C_HL,equal_bargaining,4006,4.588592800374007,0.34,5.267532467532468,4.033149171270718,0,0,0,0
SUMO,stress,T_OO,efpb,4004,58.96326813491452,0.63,28.54920337394564,70.43520220588235,0,0,17,62
SUMO,nominal,C_MM,equal_bargaining,4010,7.636687306501547,0.35,5.972222222222222,8.04,0,0,1,10
SUMO,nominal,C_MH,equal_bargaining,4008,8.4184263109575,0.44,6.25984251968504,8.76159479251424,0,0,0,4
SUMO,stress,T_OO,efficiency,4007,60.86886552737781,0.88,57.806306306306304,62.03939122649955,0,0,21,67
SUMO,stress,T_HS,equal_bargaining,4002,32.45516981569491,4.45,93.5935162094763,24.416453537936913,0,0,18,35
SUMO,nominal,C_LH,fixed_time,4009,8.43880685174247,0.26,9.638297872340425,8.36829268292683,0,0,0,5
SUMO,nominal,C_MM,equal_bargaining,4003,7.517892193869847,0.49,5.698581560283688,8.00997506234414,0,0,0,11
SUMO,stress,T_OO,efficiency,4010,443.2561896257813,40.13,58.5004500450045,3978.935483870968,0,0,18,93
SUMO,stress,T_HS,efficiency,4004,21.925058139534883,1.31,38.9025069637883,19.946835443037976,0,0,5,26
SUMO,nominal,C_HM,equal_bargaining,4004,7.933690987124463,0.45,7.410614525139665,8.11375,0,0,2,7
SUMO,nominal,C_LH,efpb,4001,7.034525277435265,0.53,16.86111111111111,6.36919315403423,0,0,0,5
SUMO,stress,T_SS,fixed_time,4005,36.279356916817356,0.39,14.497429305912597,42.416666666666664,0,0,0,49
SUMO,nominal,C_MH,equal_bargaining,4005,8.617958607202999,0.48,7.6344537815126055,8.763990267639903,0,0,0,9
SUMO,stress,T_OO,efpb,4002,60.80329766436876,0.6,28.748375116063137,73.08649398704902,0,0,11,60
SUMO,nominal,C_ML,equal_bargaining,4001,4.246486790331647,0.45,4.091286307053942,4.3259668508287294,0,0,0,1
SUMO,nominal,C_LH,equal_bargaining,4007,7.135410565772519,0.35,6.927927927927928,7.149837133550489,0,0,1,5
SUMO,stress,T_SH,equal_bargaining,4006,9.6519357649695,0.52,8.76084262701363,10.100567721005676,0,0,4,6
SUMO,nominal,C_MM,equal_bargaining,4004,7.066698277224593,0.45,5.785087719298246,7.348370927318296,0,0,2,9
SUMO,nominal,C_LM,equal_bargaining,4010,5.700078376730819,0.32,6.280373831775701,5.640449438202247,0,0,0,10
SUMO,stress,T_OO,efficiency,4006,59.840399682634136,0.86,58.519962859795726,60.32145998240985,0,0,11,67
SUMO,stress,T_OO,efficiency,4003,58.95653029110937,0.87,57.3764291996482,59.56965394853594,0,0,19,68
SUMO,stress,T_SS,fixed_time,4001,35.634378766221026,0.72,19.655940594059405,40.312293923692884,0,0,9,46
SUMO,nominal,C_LL,fixed_time,4004,7.6245972073039745,0.27,9.738636363636363,7.2292817679558015,0,0,0,0
SUMO,nominal,C_LL,equal_bargaining,4009,4.137265320580942,0.39,5.308510638297872,3.903314917127072,0,0,0,0
SUMO,nominal,C_HL,fixed_time,4002,9.113531581373906,0.27,11.327455919395465,7.245856353591161,0,0,0,0
SUMO,stress,T_SH,efpb,4004,9.28872492897426,0.44,10.596306068601583,8.669374492282698,0,0,1,3
SUMO,nominal,C_LH,equal_bargaining,4002,7.726692662176534,0.45,8.23076923076923,7.6980519480519485,0,0,1,5
SUMO,nominal,C_HH,efpb,4005,8.798549921957607,0.51,11.59079283887468,8.114099429502852,0,0,0,4
SUMO,stress,T_SH,equal_bargaining,4008,8.953589315525878,0.56,8.03513174404015,9.411382113821139,0,0,1,6
SUMO,stress,T_SH,efpb,4003,9.08882874015748,0.42,9.948931116389549,8.635179153094462,0,0,3,5
SUMO,nominal,C_MM,fixed_time,4006,8.486023166023168,0.27,11.854901960784314,7.66,0,0,1,9
SUMO,stress,T_SH,equal_bargaining,4003,9.534987329355022,0.51,7.944378698224852,10.374188311688311,0,0,2,8
SUMO,nominal,C_LM,efficiency,4003,5.81560958726313,0.32,10.034188034188034,5.340425531914893,0,0,0,2
SUMO,stress,T_SH,efficiency,4001,9.392351274787536,0.45,9.870646766169154,9.151465798045603,0,0,3,5
SUMO,nominal,C_HH,efficiency,4006,8.990568416805365,0.63,12.257142857142858,8.203417412530513,0,0,4,7
SUMO,nominal,C_ML,fixed_time,4006,8.808296582138919,0.27,11.854901960784314,7.157458563535911,0,0,1,0
SUMO,nominal,C_LM,equal_bargaining,4009,5.696323921150773,0.4,7.0638297872340425,5.571788413098237,0,0,0,2
SUMO,stress,T_SH,efpb,4006,9.339185655584608,0.39,10.357231149567367,8.824532900081234,0,0,4,5
SUMO,nominal,C_LL,efpb,4007,4.302097661623109,0.29,6.063063063063063,3.886740331491713,0,0,0,0
SUMO,nominal,C_ML,fixed_time,4002,8.455452501405285,0.27,10.817427385892117,7.245856353591161,0,0,0,0
SUMO,stress,T_SS,efpb,4001,33.63616659350307,0.57,28.689950980392158,35.06295955882353,0,0,15,41
SUMO,stress,T_HS,efficiency,4002,26.029724358420463,1.0,39.2125,24.31316123571731,0,0,3,31
SUMO,nominal,C_HH,equal_bargaining,4008,9.05614406779661,0.54,6.018134715025907,9.79071661237785,0,0,0,9
SUMO,nominal,C_LL,equal_bargaining,4006,3.939752832131823,0.29,4.696428571428571,3.7596685082872927,0,0,0,0
SUMO,nominal,C_HM,efpb,4003,8.03730478074064,0.36,8.376470588235295,7.898876404494382,0,0,0,10
SUMO,stress,T_SH,equal_bargaining,4002,9.425018745313672,0.51,8.127659574468085,10.07224025974026,0,0,0,4
SUMO,stress,T_SS,efficiency,4004,30.829900963234298,0.89,29.340286831812257,31.221380846325168,0,0,4,36
SUMO,stress,T_SH,efficiency,4005,9.393218347391832,0.53,9.984615384615385,9.105433901054338,0,0,1,5
SUMO,nominal,C_MH,efficiency,4008,8.434733318937596,0.69,12.81640625,7.732084690553746,0,0,0,5
SUMO,nominal,C_HM,efpb,4006,7.629658167553938,0.37,8.581818181818182,7.278054862842893,0,0,3,11
SUMO,nominal,C_MH,fixed_time,4004,8.409961685823754,0.27,10.087719298245615,8.170731707317072,0,0,1,5
SUMO,nominal,C_MH,efficiency,4005,7.861663947797716,0.54,12.833333333333334,7.1154471544715445,0,0,1,5
SUMO,nominal,C_LM,efficiency,4010,5.2653487764521465,0.35,8.345794392523365,4.948813982521847,0,0,0,10
SUMO,stress,T_SS,efpb,4010,33.15098807773967,0.57,27.55889423076923,34.78819762122598,0,0,10,40
SUMO,nominal,C_LM,efficiency,4007,5.5029153250369855,0.36,7.31858407079646,5.304893350062735,0,0,0,4
SUMO,nominal,C_HH,efpb,4002,8.648160232920034,0.46,10.71536523929471,8.133659331703342,0,0,2,5
SUMO,nominal,C_HH,efficiency,4010,8.75598471132569,0.56,11.65561224489796,8.043973941368078,0,0,0,7
SUMO,stress,T_HS,efficiency,4008,23.216150223824197,1.19,37.025445292620866,21.435153583617748,0,0,4,29
SUMO,nominal,C_HH,fixed_time,4003,9.07246949562812,0.27,12.29245283018868,8.219333874898457,0,0,0,5
SUMO,nominal,C_LM,efpb,4002,5.123946411143643,0.34,8.835164835164836,4.797992471769135,0,0,1,8
SUMO,stress,T_HS,fixed_time,4005,38.59777298394772,0.38,11.62915601023018,42.416666666666664,0,0,0,49
SUMO,nominal,C_MH,efpb,4010,8.062408818284974,0.5,12.181818181818182,7.4100895036615135,0,0,1,2
SUMO,nominal,C_LL,fixed_time,4002,7.795405982905984,0.27,10.637362637362637,7.245856353591161,0,0,0,0
SUMO,nominal,C_LM,efpb,4001,5.5112886418895455,0.36,8.660550458715596,5.182044887780549,0,0,0,5
SUMO,nominal,C_HL,fixed_time,4009,8.803848829121263,0.27,10.604591836734693,7.303867403314917,0,0,1,0
SUMO,nominal,C_MM,efficiency,4010,6.983049535603715,0.37,8.373015873015873,6.64625,0,0,1,10
SUMO,nominal,C_LH,equal_bargaining,4008,7.9862040863845385,0.46,6.2,8.114355231143552,0,0,0,9
SUMO,nominal,C_HM,efpb,4001,7.765403012779324,0.38,8.392265193370166,7.546933667083855,0,0,0,7
SUMO,nominal,C_LH,efpb,4005,6.724013274860733,0.56,14.153846153846153,6.300488599348534,0,0,0,3
SUMO,stress,T_OO,efficiency,4001,57.55729741664827,0.96,56.77981651376147,57.841097083151936,0,0,20,71
SUMO,nominal,C_LH,efpb,4009,6.656712880673066,0.47,12.97872340425532,6.283849918433932,0,0,0,5
SUMO,nominal,C_ML,efficiency,4005,5.011995484053062,0.33,5.226890756302521,4.903314917127072,0,0,0,1
SUMO,nominal,C_LL,fixed_time,4005,7.813057438458793,0.27,11.11111111111111,7.18232044198895,0,0,0,0
SUMO,stress,T_OO,fixed_time,4007,110.70562218890555,4.59,243.44713261648747,59.37522522522522,0,0,141,70
SUMO,nominal,C_MH,efficiency,4004,8.31046218026128,0.53,12.179824561403509,7.756933115823817,0,0,0,3
SUMO,nominal,C_HH,efficiency,4002,9.04032016008004,0.68,11.535,8.416260162601626,0,0,2,5
SUMO,nominal,C_HM,efficiency,4007,8.113112837791377,0.38,8.634382566585957,7.906367041198502,0,0,0,7
SUMO,stress,T_OO,fixed_time,4008,117.04658732327876,3.99,280.42418604651164,57.50462758924636,0,0,100,66
SUMO,stress,T_HS,fixed_time,4007,34.08406096454167,0.39,12.368932038834952,37.29845866417562,0,0,2,45
SUMO,nominal,C_LM,equal_bargaining,4005,5.528572694250022,0.36,6.688888888888889,5.428035043804756,0,0,0,6
SUMO,stress,T_HS,efficiency,4009,24.407182849351628,1.16,37.18939393939394,22.748189177673627,0,0,4,39
SUMO,stress,T_OO,efficiency,4004,57.08233259204349,0.99,57.1,57.07598253275109,0,0,18,67
SUMO,nominal,C_MM,efpb,4004,6.160012624270159,0.38,7.921739130434783,5.769423558897243,0,0,1,10
SUMO,nominal,C_MM,equal_bargaining,4005,8.252340823970037,0.46,5.7740585774058575,8.820448877805486,0,0,0,10
SUMO,nominal,C_MM,equal_bargaining,4008,8.296996834710106,0.4,6.346456692913386,8.772784019975031,0,0,0,11
SUMO,nominal,C_MH,equal_bargaining,4007,8.852382755449776,0.51,6.47808764940239,9.225386493083809,0,0,2,5
SUMO,stress,T_SH,efficiency,4008,9.694570607108629,0.41,10.564617314930992,9.261962692619626,0,0,2,6
SUMO,nominal,C_LM,equal_bargaining,4003,6.421995327507139,0.38,6.846153846153846,6.374217772215269,0,0,0,2
SUMO,nominal,C_LH,efficiency,4005,6.918810003555767,0.8,14.351648351648352,6.495114006514658,0,0,0,3
SUMO,stress,T_SH,efpb,4009,9.458931386376836,0.48,9.867737948084054,9.252435064935066,0,0,2,9
SUMO,nominal,C_HH,efpb,4003,8.621146245059288,0.43,11.221176470588235,7.930081300813008,0,0,0,5
SUMO,nominal,C_HM,equal_bargaining,4007,8.114625593068832,0.39,6.990314769975787,8.560549313358303,0,0,2,7
SUMO,nominal,C_MH,efficiency,4003,7.624986709197236,0.58,11.067375886524824,7.017886178861788,0,0,0,7
SUMO,nominal,C_MM,fixed_time,4007,8.587084756286867,0.27,12.111553784860558,7.734335839598997,0,0,1,11
SUMO,nominal,C_ML,equal_bargaining,4010,5.010947893569845,0.39,4.860557768924303,5.0911602209944755,0,0,0,0
SUMO,nominal,C_HM,fixed_time,4009,8.336243016759777,0.27,10.604591836734693,7.48125,0,0,1,9
SUMO,stress,T_OO,fixed_time,4001,90.9203692871131,3.71,166.84460694698356,61.65185524507558,0,0,119,64
SUMO,nominal,C_HM,fixed_time,4003,8.88620218579235,0.27,12.29245283018868,7.4975,0,0,0,10
SUMO,nominal,C_HL,equal_bargaining,4005,4.522051996285979,0.39,5.130434782608695,4.016574585635359,0,0,0,1
SUMO,stress,T_OO,efficiency,4002,59.77807881773399,0.91,58.24087591240876,60.34649122807018,0,0,16,67
SUMO,nominal,C_HH,efpb,4006,9.046257062146893,0.55,11.632124352331607,8.42100977198697,0,0,2,4
SUMO,nominal,C_LH,fixed_time,4001,8.318980667838314,0.27,11.175925925925926,8.126016260162602,0,0,0,5
SUMO,nominal,C_LH,efficiency,4003,7.365209790209789,0.76,14.367521367521368,6.852845528455284,0,0,1,5
SUMO,nominal,C_MH,efpb,4005,7.761440931599282,0.47,10.983333333333333,7.2774613506916195,0,0,0,4
SUMO,nominal,C_MH,efpb,4009,8.236450010796805,0.54,13.01171875,7.470684039087948,0,0,1,3
SUMO,nominal,C_LL,fixed_time,4006,7.932200480604188,0.27,11.1875,7.157458563535911,0,0,0,0
SUMO,stress,T_SS,equal_bargaining,4006,183.7651297210272,16.29,700.1973203410475,40.906263688129656,0,0,297,38
SUMO,stress,T_SH,efficiency,4006,9.87271897810219,0.45,10.768277571251549,9.42220421393841,0,0,1,5
SUMO,stress,T_SH,equal_bargaining,4004,9.134040747028864,0.46,8.101717305151915,9.622764227642277,0,0,6,9
SUMO,stress,T_HS,efficiency,4005,24.99797430258132,1.07,40.00753768844221,23.04421768707483,0,0,0,42
SUMO,stress,T_SH,efficiency,4003,9.204929779306392,0.53,9.293349168646081,9.158407798537775,0,0,2,10
SUMO,nominal,C_MM,efpb,4010,6.853792569659443,0.35,7.968253968253968,6.58375,0,0,1,10
SUMO,nominal,C_HH,equal_bargaining,4010,9.076156120046095,0.54,6.575063613231552,9.689375506893755,0,0,1,6
SUMO,nominal,C_HL,efpb,4001,4.957620996869733,0.45,4.663888888888889,5.18232044198895,0,0,0,1
SUMO,nominal,C_LL,efpb,4005,4.11541205850874,0.35,5.7444444444444445,3.803867403314917,0,0,0,0
SUMO,nominal,C_LH,efficiency,4009,6.566062329659913,0.7,13.840425531914894,6.137030995106036,0,0,0,4
SUMO,stress,T_OO,fixed_time,4002,113.59715474499838,4.61,264.2357207615594,56.513175524787854,0,0,128,70
SUMO,stress,T_HS,fixed_time,4008,38.45031498306373,0.38,11.593264248704664,42.188935771214254,0,0,0,51
SUMO,stress,T_SS,efpb,4005,33.61648686030429,0.56,26.778489116517285,35.50091743119266,0,0,1,41
SUMO,stress,T_SS,efficiency,4005,31.477853838036744,0.87,31.96923076923077,31.346411056620596,0,0,2,42
SUMO,nominal,C_MH,fixed_time,4001,8.485054347826088,0.27,10.867219917012449,8.126016260162602,0,0,0,5
SUMO,nominal,C_MM,equal_bargaining,4006,7.85917672547199,0.49,5.247058823529412,8.50125313283208,0,0,1,6
SUMO,nominal,C_LL,equal_bargaining,4005,4.138601498394578,0.3,5.022222222222222,3.9696132596685083,0,0,0,0
SUMO,stress,T_OO,equal_bargaining,4001,407.28673290719996,35.97,1731.8024231127679,19.752215526409074,0,0,1073,39
SUMO,nominal,C_MH,fixed_time,4009,8.672183288409704,0.27,10.5703125,8.36829268292683,0,0,1,5
SUMO,stress,T_SS,efpb,4004,33.73067676237322,0.63,28.153947368421054,35.21327876307412,0,0,0,39
SUMO,nominal,C_HM,equal_bargaining,4002,7.981657750295283,0.37,7.535175879396985,8.152309612983771,0,0,0,10
SUMO,stress,T_HS,efpb,4009,24.11294942999123,0.57,27.57908163265306,23.664377682403433,0,0,3,38
SUMO,stress,T_SS,fixed_time,4002,33.94514355869304,0.54,16.0,39.085394307046194,0,0,1,47
SUMO,stress,T_HS,fixed_time,4004,42.973333764302794,0.37,10.067415730337078,47.25213675213675,0,0,1,50
SUMO,nominal,C_HH,fixed_time,4005,8.919444863478654,0.27,11.62915601023018,8.256305939788446,0,0,0,4
SUMO,stress,T_SS,equal_bargaining,4002,320.91590678824724,31.24,1502.9052369077306,19.59504132231405,0,0,578,90
SUMO,nominal,C_MH,efpb,4006,8.062557348734279,0.54,12.568627450980392,7.3433685923515055,0,0,1,4
SUMO,stress,T_HS,efpb,4002,28.29917657822507,0.56,25.93954659949622,28.612342459800086,0,0,2,43
SUMO,stress,T_OO,efpb,4008,57.43284652831156,0.57,27.312559923298178,68.41727272727273,0,0,6,82
SUMO,nominal,C_HL,equal_bargaining,4008,4.469413962176045,0.46,4.479274611398964,4.461325966850829,0,0,0,0
SUMO,stress,T_SS,efpb,4002,34.28338690623369,0.57,27.98379052369077,36.06367384333486,0,0,9,41
SUMO,nominal,C_LH,efpb,4008,6.919822606057069,0.51,14.982758620689655,6.334418226200163,0,0,0,4
SUMO,stress,T_SH,efficiency,4004,9.47828675938922,0.43,9.687830687830688,9.378973105134474,0,0,4,4
SUMO,stress,T_OO,efpb,4005,56.92525766701106,0.57,28.25374531835206,67.48319139399372,0,0,3,83
SUMO,nominal,C_MM,fixed_time,4003,8.336411809235427,0.27,11.441281138790035,7.4975,0,0,0,10
SUMO,nominal,C_LM,efficiency,4002,5.220809248554914,0.35,8.714285714285714,4.913207547169812,0,0,1,1
SUMO,nominal,C_MH,equal_bargaining,4002,8.681654676258994,0.41,6.074688796680498,9.075856443719413,0,0,1,4
SUMO,nominal,C_HH,efpb,4009,8.652082076041038,0.42,11.732142857142858,7.8957654723127035,0,0,1,4
SUMO,stress,T_HS,equal_bargaining,4008,77.78798507700647,10.5,310.1057934508816,44.116279069767444,0,0,49,86
SUMO,stress,T_OO,fixed_time,4009,87.83296312749889,4.04,181.37777777777777,53.83727034120735,0,0,105,66
SUMO,nominal,C_HL,fixed_time,4004,8.451609000725865,0.27,10.067415730337078,7.2292817679558015,0,0,1,0
SUMO,nominal,C_ML,efficiency,4004,4.653020326367019,0.47,4.951754385964913,4.50828729281768,0,0,0,0
SUMO,nominal,C_MM,fixed_time,4008,8.418435883579093,0.27,11.413385826771654,7.687890137328339,0,0,0,10
SUMO,nominal,C_MH,fixed_time,4006,8.768608414239484,0.27,11.854901960784314,8.276422764227643,0,0,1,5
SUMO,stress,T_SS,fixed_time,4006,39.217999887570976,0.57,17.582403965303595,45.56521739130435,0,0,2,51
SUMO,stress,T_OO,equal_bargaining,4010,2024.0381927109338,40.38,1819.759633027523,4015.6627906976746,0,0,1090,86
SUMO,nominal,C_HH,equal_bargaining,4007,9.033720177317328,0.43,6.314634146341463,9.731489015459724,0,0,0,6
SUMO,stress,T_OO,fixed_time,4004,100.89113414361346,4.09,228.49112978524744,54.60193747247909,0,0,96,63
SUMO,stress,T_SH,fixed_time,4004,9.70949957591179,0.37,12.95125164690382,8.170731707317072,0,0,3,5
SUMO,nominal,C_MM,fixed_time,4004,7.931396542196258,0.27,10.087719298245615,7.458072590738423,0,0,1,9
SUMO,nominal,C_MH,efficiency,4002,8.162179800946321,0.69,12.883817427385893,7.449959316517494,0,0,2,5
SUMO,stress,T_SS,efficiency,4009,32.28221156436924,0.82,33.47975460122699,31.94524236983842,0,0,10,44
SUMO,stress,T_OO,efpb,4009,449.6257785898182,40.41,33.45176252319109,4007.40206185567,0,0,15,97
SUMO,nominal,C_MM,efficiency,4007,6.920214003256571,0.33,7.53784860557769,6.7709637046307884,0,0,0,6
SUMO,nominal,C_LL,efficiency,4006,4.026433230346722,0.35,5.669642857142857,3.6353591160220993,0,0,0,0
SUMO,nominal,C_HL,fixed_time,4010,9.712930835068239,0.27,12.616751269035532,7.281767955801105,0,0,1,0
SUMO,nominal,C_MH,equal_bargaining,4001,8.1891803635572,0.47,5.871369294605809,8.539087947882736,0,0,0,6
SUMO,nominal,C_MM,efficiency,4001,6.989048811013766,0.4,8.614107883817427,6.611528822055138,0,0,1,10
SUMO,stress,T_SS,efficiency,4002,33.31726572183004,0.93,32.64463840399002,33.502680965147455,0,0,6,39
SUMO,nominal,C_MM,efficiency,4004,6.752310244056552,0.4,8.756521739130434,6.307402760351318,0,0,0,5
SUMO,nominal,C_HM,efficiency,4008,7.860869565217391,0.43,8.186528497409327,7.74,0,0,0,10
SUMO,stress,T_SH,fixed_time,4009,10.975041528239203,0.56,16.127317676143388,8.36829268292683,0,0,6,5
SUMO,nominal,C_HL,efpb,4005,4.712395543175487,0.41,4.68542199488491,4.734806629834254,0,0,0,3
SUMO,nominal,C_ML,equal_bargaining,4005,4.921535421958792,0.31,4.995798319327731,4.883977900552487,0,0,0,1
SUMO,nominal,C_LL,efpb,4003,3.9743022464261406,0.45,4.837606837606837,3.7596685082872927,0,0,0,0
SUMO,nominal,C_HL,efpb,4008,4.382792435208966,0.37,4.16580310880829,4.560773480662983,0,0,0,1
SUMO,nominal,C_HL,efpb,4010,4.797240899605843,0.31,4.895408163265306,4.7154696132596685,0,0,0,0
SUMO,nominal,C_LH,efficiency,4004,6.99863135971437,0.62,16.147727272727273,6.493061224489796,0,0,0,4
SUMO,nominal,C_ML,efpb,4004,4.627111365588319,0.35,5.368421052631579,4.267955801104972,0,0,0,0
SUMO,nominal,C_HL,efficiency,4006,4.906732117812062,0.52,4.34025974025974,5.370165745856354,0,0,0,3
SUMO,nominal,C_HL,efficiency,4005,5.223305478180129,0.41,4.567774936061381,5.767955801104972,0,0,0,1
SUMO,nominal,C_MH,fixed_time,4002,8.452391304347826,0.27,10.817427385892117,8.095934959349593,0,0,0,5
SUMO,nominal,C_LM,fixed_time,4009,7.66005291005291,0.26,9.638297872340425,7.48125,0,0,0,9
SUMO,stress,T_HS,efpb,4007,25.97856433619532,0.57,28.473557692307693,25.633535004321523,0,0,7,33
SUMO,nominal,C_LL,efficiency,4004,4.023630504833512,0.37,5.568181818181818,3.734806629834254,0,0,0,0
SUMO,stress,T_HS,equal_bargaining,4007,50.568562744246634,5.9,215.7852028639618,27.76316916488223,0,0,41,31
SUMO,nominal,C_LM,fixed_time,4007,8.003831417624522,0.27,10.522522522522523,7.734335839598997,0,0,1,11
SUMO,nominal,C_HL,fixed_time,4007,9.709494674824382,0.27,12.368932038834952,7.3812154696132595,0,0,2,0
SUMO,stress,T_SS,equal_bargaining,4004,283.22166407425345,31.28,1371.967277486911,19.801564429806504,0,0,655,14
SUMO,nominal,C_MM,fixed_time,4010,8.401549186676995,0.27,11.9402390438247,7.5475,0,0,1,9
SUMO,stress,T_SS,efpb,4006,33.522060838585915,0.57,26.56441717791411,35.522935779816514,0,0,6,39
SUMO,stress,T_OO,efficiency,4005,60.50282936557397,0.88,58.62129629629629,61.1960088691796,0,0,17,78
SUMO,nominal,C_LL,fixed_time,4003,8.078114363512595,0.27,11.025641025641026,7.345303867403315,0,0,0,0
SUMO,nominal,C_MH,fixed_time,4010,8.78561011181332,0.27,11.9402390438247,8.290820471161657,0,0,1,5
SUMO,nominal,C_MM,efficiency,4009,7.162722577661296,0.36,7.9921875,6.9588014981273405,0,0,1,10
SUMO,stress,T_SH,fixed_time,4005,10.300164162141686,0.39,14.497429305912597,8.256305939788446,0,0,0,4
SUMO,stress,T_HS,efpb,4010,26.51598841461631,0.57,26.05852417302799,26.575418994413408,0,0,4,38
SUMO,nominal,C_LL,equal_bargaining,4001,3.9192879363982027,0.44,3.435185185185185,4.030386740331492,0,0,0,0
SUMO,nominal,C_ML,equal_bargaining,4007,4.676552106430155,0.35,4.059760956175299,5.005524861878453,0,0,0,0
SUMO,stress,T_SS,fixed_time,4010,33.71956026872467,0.46,16.442028985507246,38.876288659793815,0,0,1,39
SUMO,nominal,C_HH,fixed_time,4008,8.883349296768666,0.27,11.593264248704664,8.228641171684297,0,0,0,5
SUMO,nominal,C_HM,equal_bargaining,4010,7.9694347522679685,0.37,7.577608142493639,8.1175,0,0,0,8
SUMO,nominal,C_MM,efpb,4007,6.458786091276001,0.28,6.972111553784861,6.334586466165414,0,0,0,5
SUMO,nominal,C_HM,efficiency,4003,8.011690708962877,0.46,8.47877358490566,7.821026282853567,0,0,2,9
SUMO,stress,T_OO,equal_bargaining,4008,418.82540119405513,35.99,1840.1170212765958,20.490838618745595,0,0,1034,39
SUMO,nominal,C_LM,efficiency,4006,5.518901538194143,0.32,8.741071428571429,5.171464330413016,0,0,0,10
SUMO,nominal,C_LL,fixed_time,4001,7.889561009332872,0.27,11.175925925925926,7.1353591160221,0,0,0,0
SUMO,nominal,C_LL,equal_bargaining,4003,4.059223961878828,0.43,4.452991452991453,3.9613259668508287,0,0,0,0
SUMO,nominal,C_HL,efficiency,4004,4.889910476651343,0.46,4.379213483146067,5.276243093922652,0,0,0,3
SUMO,stress,T_SH,efpb,4007,9.285018818523975,0.43,9.930424528301886,8.942182410423452,0,0,4,5
SUMO,nominal,C_LM,efpb,4005,5.610510457284651,0.37,8.813186813186814,5.329573934837093,0,0,0,5
SUMO,stress,T_HS,fixed_time,4009,36.58949577160298,0.58,10.604591836734693,40.288951841359776,0,0,1,39
SUMO,stress,T_SH,fixed_time,4001,11.996468633153302,0.72,19.655940594059405,8.126016260162602,0,0,9,5
SUMO,nominal,C_HH,equal_bargaining,4005,8.845123609083126,0.54,5.9923273657289,9.54441727791361,0,0,0,10
SUMO,nominal,C_LL,efficiency,4005,4.293257224402426,0.31,5.711111111111111,4.0220994475138125,0,0,0,0
SUMO,nominal,C_MM,efpb,4008,7.232506165228114,0.37,8.443137254901961,6.93640897755611,0,0,0,10
SUMO,nominal,C_HH,fixed_time,4001,8.733792751403778,0.27,11.433333333333334,8.126016260162602,0,0,0,5
SUMO,nominal,C_HL,efpb,4003,5.104851330203443,0.39,4.804245283018868,5.375690607734807,0,0,0,0
SUMO,nominal,C_MM,efficiency,4006,7.123580752297829,0.4,8.3359375,6.824780976220275,0,0,0,10
SUMO,stress,T_SH,fixed_time,4008,11.353929063792457,0.7,17.626884422110553,8.228641171684297,0,0,5,5
SUMO,nominal,C_LH,efficiency,4007,6.990160477919644,0.7,15.35135135135135,6.408794788273616,0,0,1,5
SUMO,nominal,C_HL,equal_bargaining,4003,5.341493404873686,0.39,5.5825471698113205,5.124309392265193,0,0,0,0
SUMO,nominal,C_LL,efpb,4010,4.064516129032259,0.35,5.283018867924528,3.7900552486187844,0,0,0,0
SUMO,nominal,C_MM,fixed_time,4001,8.27224518443422,0.27,10.867219917012449,7.6716604244694135,0,0,0,10
SUMO,stress,T_HS,fixed_time,4006,41.43497672045412,0.37,11.924675324675325,45.56521739130435,0,0,1,51
SUMO,nominal,C_MM,efpb,4002,6.31680225281602,0.35,6.4937759336099585,6.275689223057644,0,0,1,9
SUMO,nominal,C_HL,efficiency,4010,4.9960584280083475,0.46,4.520408163265306,5.392265193370166,0,0,0,0
SUMO,nominal,C_MM,efficiency,4008,7.417573092648307,0.39,8.250980392156864,7.213483146067416,0,0,0,10
SUMO,nominal,C_MM,efpb,4003,7.02375189107413,0.34,8.411347517730496,6.6475,0,0,0,10
SUMO,nominal,C_LH,fixed_time,4003,8.410528154661387,0.27,11.025641025641026,8.219333874898457,0,0,0,5
SUMO,nominal,C_LL,fixed_time,4007,7.980742778541954,0.27,10.522522522522523,7.3812154696132595,0,0,1,0
SUMO,nominal,C_HM,efficiency,4009,7.735125698324023,0.38,7.63265306122449,7.77375,0,0,0,8
SUMO,nominal,C_HL,equal_bargaining,4002,4.6418856615952055,0.38,5.19647355163728,4.1740331491712706,0,0,0,0
SUMO,stress,T_OO,equal_bargaining,4009,1997.8550528541227,40.26,1789.9225746268658,4015.0823529411764,0,0,1072,85
SUMO,nominal,C_MM,fixed_time,4009,8.091435185185185,0.27,10.5703125,7.48125,0,0,1,9
SUMO,nominal,C_LM,fixed_time,4004,7.636194195438005,0.27,9.738636363636363,7.458072590738423,0,0,0,9
SUMO,stress,T_SS,efficiency,4008,32.457451720672516,0.76,31.872020075282308,32.61919783686345,0,0,13,42
SUMO,stress,T_OO,efpb,4001,59.33403430540424,0.64,29.250230840258542,70.7103949160236,0,0,10,81
SUMO,nominal,C_LM,efpb,4008,5.97012987012987,0.37,9.939130434782609,5.53125,0,0,0,10
SUMO,nominal,C_HL,efficiency,4002,4.6039649608114335,0.45,4.272040302267002,4.883977900552487,0,0,0,0
SUMO,nominal,C_HH,fixed_time,4004,8.51611253196931,0.27,10.067415730337078,8.170731707317072,0,0,1,5
SUMO,stress,T_SS,efpb,4009,32.834900929715666,0.57,27.79754601226994,34.26322930800543,0,0,18,33
SUMO,nominal,C_HH,fixed_time,4002,8.73867735470942,0.27,11.327455919395465,8.095934959349593,0,0,0,5
SUMO,nominal,C_LM,fixed_time,4010,7.867713787085516,0.27,11.00943396226415,7.5475,0,0,0,9
SUMO,nominal,C_LH,fixed_time,4008,8.38377999649676,0.27,10.539130434782608,8.228641171684297,0,0,0,5
SUMO,nominal,C_HL,efpb,4002,4.703434762563393,0.38,4.7808564231738035,4.638121546961326,0,0,0,0
SUMO,nominal,C_HH,efficiency,4001,8.462348550687592,0.43,11.448753462603879,7.786471067644662,0,0,0,2
SUMO,nominal,C_MH,efpb,4004,8.195740476451862,0.54,13.600877192982455,7.422512234910277,0,0,0,3
SUMO,nominal,C_LM,fixed_time,4006,8.00295138888889,0.27,11.1875,7.66,0,0,0,9
SUMO,stress,T_SS,efpb,4003,34.439469365426696,0.59,27.755896226415093,36.45787037037037,0,0,9,41
SUMO,nominal,C_HM,fixed_time,4005,8.658211041229908,0.27,11.62915601023018,7.54125,0,0,0,10
