backend,multiplier,ped_rate,veh_rate,controller,seed,ped_service_ratio,veh_service_ratio,max_norm_wait,ped_p95_wait_s,veh_p95_wait_s,veh_throughput_h,starvation_violations
surrogate,0.5,0.075,0.22,fixed_time,301,1.0,0.9955156950672646,0.29,25.0,27.0,912.0,0
surrogate,0.5,0.075,0.22,fixed_time,302,1.0,0.9800995024875622,0.29,26.0,28.0,796.0,0
surrogate,0.5,0.075,0.22,fixed_time,303,1.0,1.0,0.29,24.0,28.0,896.0,0
surrogate,0.5,0.075,0.22,fixed_time,304,0.9807692307692307,0.9848484848484849,0.29,24.0,28.0,796.0,0
surrogate,0.5,0.075,0.22,fixed_time,305,0.9864864864864865,0.9883720930232558,0.29,25.0,27.0,692.0,0
surrogate,0.5,0.075,0.22,efficiency,301,0.9552238805970149,0.9955156950672646,0.48,25.0,29.0,904.0,0
surrogate,0.5,0.075,0.22,efficiency,302,1.0,0.9850746268656716,0.58,42.0,28.0,804.0,0
surrogate,0.5,0.075,0.22,efficiency,303,1.0,1.0,0.64,31.0,28.0,888.0,0
surrogate,0.5,0.075,0.22,efficiency,304,0.9230769230769231,0.9949494949494949,0.51,34.0,28.0,800.0,0
surrogate,0.5,0.075,0.22,efficiency,305,1.0,0.9825581395348837,0.51,26.0,28.0,676.0,0
surrogate,0.5,0.075,0.22,equal_bargaining,301,1.0,0.9820627802690582,0.53,30.0,29.0,892.0,0
surrogate,0.5,0.075,0.22,equal_bargaining,302,1.0,0.9950248756218906,0.56,23.0,27.0,808.0,0
surrogate,0.5,0.075,0.22,equal_bargaining,303,1.0,0.9863013698630136,0.65,26.0,28.0,876.0,0
surrogate,0.5,0.075,0.22,equal_bargaining,304,1.0,0.9797979797979798,0.54,21.0,26.0,788.0,0
surrogate,0.5,0.075,0.22,equal_bargaining,305,1.0,0.9883720930232558,0.5,13.0,27.0,684.0,0
surrogate,0.5,0.075,0.22,efpb,301,0.9402985074626866,0.9955156950672646,0.51,35.0,24.0,904.0,0
surrogate,0.5,0.075,0.22,efpb,302,1.0,0.9900497512437811,0.53,39.0,26.0,800.0,0
surrogate,0.5,0.075,0.22,efpb,303,1.0,1.0,0.42,29.0,27.0,888.0,0
surrogate,0.5,0.075,0.22,efpb,304,0.9230769230769231,0.9949494949494949,0.51,37.0,25.0,804.0,0
surrogate,0.5,0.075,0.22,efpb,305,1.0,0.9825581395348837,0.41,32.0,25.0,676.0,0
surrogate,1.0,0.15,0.44,fixed_time,301,1.0,0.9774436090225563,0.39,26.0,29.0,1584.0,0
surrogate,1.0,0.15,0.44,fixed_time,302,0.993103448275862,0.9870801033591732,0.38,26.0,28.0,1564.0,0
surrogate,1.0,0.15,0.44,fixed_time,303,0.9931972789115646,0.9778869778869779,0.4,25.0,28.0,1620.0,0
surrogate,1.0,0.15,0.44,fixed_time,304,0.975609756097561,0.9829683698296837,0.35,26.0,28.0,1640.0,0
surrogate,1.0,0.15,0.44,fixed_time,305,0.9928057553956835,0.9822784810126582,0.37,26.0,28.0,1584.0,0
surrogate,1.0,0.15,0.44,efficiency,301,0.9790209790209791,0.9849624060150376,0.66,29.0,27.0,1600.0,0
surrogate,1.0,0.15,0.44,efficiency,302,0.9724137931034482,0.9896640826873385,0.5,39.0,27.0,1560.0,0
surrogate,1.0,0.15,0.44,efficiency,303,0.9727891156462585,0.9901719901719902,0.42,35.0,28.0,1620.0,0
surrogate,1.0,0.15,0.44,efficiency,304,0.991869918699187,0.9829683698296837,0.55,39.0,28.0,1644.0,0
surrogate,1.0,0.15,0.44,efficiency,305,0.9856115107913669,0.9873417721518988,0.53,38.0,27.0,1568.0,0
surrogate,1.0,0.15,0.44,equal_bargaining,301,0.993006993006993,0.9849624060150376,0.53,34.0,30.0,1600.0,0
surrogate,1.0,0.15,0.44,equal_bargaining,302,0.993103448275862,0.9844961240310077,0.48,27.0,29.0,1536.0,0
surrogate,1.0,0.15,0.44,equal_bargaining,303,0.9795918367346939,0.995085995085995,0.7,49.0,30.0,1648.0,0
surrogate,1.0,0.15,0.44,equal_bargaining,304,0.975609756097561,0.9805352798053528,0.52,39.0,31.0,1632.0,0
surrogate,1.0,0.15,0.44,equal_bargaining,305,0.9784172661870504,0.9873417721518988,0.43,34.0,28.0,1584.0,0
surrogate,1.0,0.15,0.44,efpb,301,0.993006993006993,0.974937343358396,0.54,46.0,29.0,1584.0,0
surrogate,1.0,0.15,0.44,efpb,302,0.9724137931034482,0.9870801033591732,0.52,47.0,28.0,1540.0,0
surrogate,1.0,0.15,0.44,efpb,303,1.0,0.9877149877149877,0.51,45.0,28.0,1620.0,0
surrogate,1.0,0.15,0.44,efpb,304,0.967479674796748,0.9902676399026764,0.54,48.0,27.0,1668.0,0
surrogate,1.0,0.15,0.44,efpb,305,0.9784172661870504,0.9898734177215189,0.54,50.0,27.0,1580.0,0
surrogate,1.5,0.22499999999999998,0.66,fixed_time,301,1.0,0.9883720930232558,0.53,35.0,37.0,2440.0,0
surrogate,1.5,0.22499999999999998,0.66,fixed_time,302,0.985,0.9864864864864865,0.61,26.0,33.0,2392.0,0
surrogate,1.5,0.22499999999999998,0.66,fixed_time,303,0.9904761904761905,0.9810344827586207,0.46,27.0,30.0,2328.0,0
surrogate,1.5,0.22499999999999998,0.66,fixed_time,304,0.9952153110047847,0.9741100323624595,0.62,35.0,40.0,2452.0,0
surrogate,1.5,0.22499999999999998,0.66,fixed_time,305,0.9898477157360406,0.9842931937172775,0.45,35.0,30.0,2304.0,0
surrogate,1.5,0.22499999999999998,0.66,efficiency,301,0.9704433497536946,0.9867109634551495,0.67,41.0,33.0,2428.0,0
surrogate,1.5,0.22499999999999998,0.66,efficiency,302,0.975,0.9898648648648649,0.54,39.0,31.0,2368.0,0
surrogate,1.5,0.22499999999999998,0.66,efficiency,303,0.9714285714285714,0.9862068965517241,0.49,37.0,29.0,2328.0,0
surrogate,1.5,0.22499999999999998,0.66,efficiency,304,0.9617224880382775,0.988673139158576,0.55,38.0,31.0,2492.0,0
surrogate,1.5,0.22499999999999998,0.66,efficiency,305,0.9949238578680203,0.9790575916230366,0.62,42.0,29.0,2292.0,0
surrogate,1.5,0.22499999999999998,0.66,equal_bargaining,301,0.9064039408866995,0.9867109634551495,1.24,93.0,46.0,2448.0,8
surrogate,1.5,0.22499999999999998,0.66,equal_bargaining,302,0.98,0.9831081081081081,1.28,96.0,43.0,2352.0,9
surrogate,1.5,0.22499999999999998,0.66,equal_bargaining,303,0.9476190476190476,0.9896551724137931,0.93,76.0,40.0,2320.0,0
surrogate,1.5,0.22499999999999998,0.66,equal_bargaining,304,0.9808612440191388,0.9530744336569579,1.42,126.0,49.0,2392.0,27
surrogate,1.5,0.22499999999999998,0.66,equal_bargaining,305,0.9796954314720813,0.9842931937172775,1.64,123.0,45.0,2356.0,17
surrogate,1.5,0.22499999999999998,0.66,efpb,301,0.9704433497536946,0.9916943521594684,0.54,51.0,35.0,2432.0,0
surrogate,1.5,0.22499999999999998,0.66,efpb,302,0.97,0.9847972972972973,0.57,51.0,36.0,2372.0,0
surrogate,1.5,0.22499999999999998,0.66,efpb,303,0.9428571428571428,0.9913793103448276,0.54,51.0,34.0,2324.0,0
surrogate,1.5,0.22499999999999998,0.66,efpb,304,0.9712918660287081,0.988673139158576,0.56,49.0,39.0,2452.0,0
surrogate,1.5,0.22499999999999998,0.66,efpb,305,0.9796954314720813,0.987783595113438,0.55,51.0,33.0,2292.0,0
surrogate,2.0,0.3,0.88,fixed_time,301,0.8200692041522492,0.9138149556400507,1.79,165.0,142.0,2988.0,265
surrogate,2.0,0.3,0.88,fixed_time,302,0.8810408921933085,0.9036295369211514,1.6,114.0,131.0,3008.0,237
surrogate,2.0,0.3,0.88,fixed_time,303,0.8639705882352942,0.9329962073324906,1.66,158.0,77.0,3036.0,174
surrogate,2.0,0.3,0.88,fixed_time,304,0.8961538461538462,0.9373433583959899,1.39,124.0,83.0,3072.0,101
surrogate,2.0,0.3,0.88,fixed_time,305,0.8814814814814815,0.9359795134443022,1.23,108.0,94.0,3008.0,40
surrogate,2.0,0.3,0.88,efficiency,301,0.9480968858131488,0.8859315589353612,2.58,75.0,175.0,2844.0,117
surrogate,2.0,0.3,0.88,efficiency,302,0.9516728624535316,0.8961201501877347,2.25,79.0,174.0,2932.0,120
surrogate,2.0,0.3,0.88,efficiency,303,0.9264705882352942,0.9393173198482933,1.34,80.0,108.0,3068.0,55
surrogate,2.0,0.3,0.88,efficiency,304,0.9153846153846154,0.9448621553884712,1.28,87.0,97.0,3108.0,35
surrogate,2.0,0.3,0.88,efficiency,305,0.9518518518518518,0.912932138284251,1.53,77.0,91.0,2944.0,33
surrogate,2.0,0.3,0.88,equal_bargaining,301,0.7162629757785467,0.9480354879594424,3.96,362.0,230.0,3084.0,407
surrogate,2.0,0.3,0.88,equal_bargaining,302,0.9814126394052045,0.8147684605757196,4.06,382.0,163.0,2736.0,298
surrogate,2.0,0.3,0.88,equal_bargaining,303,0.7279411764705882,0.9570164348925411,3.5,330.0,175.0,3056.0,333
surrogate,2.0,0.3,0.88,equal_bargaining,304,0.7769230769230769,0.9611528822055138,3.19,299.0,141.0,3108.0,305
surrogate,2.0,0.3,0.88,equal_bargaining,305,0.9518518518518518,0.8706786171574904,2.98,251.0,136.0,2848.0,230
surrogate,2.0,0.3,0.88,efpb,301,0.5916955017301038,0.9531051964512041,3.82,364.0,56.0,3096.0,216
surrogate,2.0,0.3,0.88,efpb,302,0.5947955390334573,0.9624530663329162,4.21,389.0,58.0,3208.0,206
surrogate,2.0,0.3,0.88,efpb,303,0.6911764705882353,0.9671302149178256,3.15,295.0,59.0,3112.0,163
surrogate,2.0,0.3,0.88,efpb,304,0.7307692307692307,0.9674185463659147,2.73,259.0,59.0,3172.0,153
surrogate,2.0,0.3,0.88,efpb,305,0.7037037037037037,0.967989756722151,2.72,256.0,55.0,3096.0,161
surrogate,2.5,0.375,1.1,fixed_time,301,0.6358543417366946,0.7528089887640449,3.36,313.0,244.0,3120.0,872
surrogate,2.5,0.375,1.1,fixed_time,302,0.6783625730994152,0.7436932391523713,2.93,267.0,264.0,3120.0,886
surrogate,2.5,0.375,1.1,fixed_time,303,0.6666666666666666,0.7484848484848485,2.73,259.0,230.0,3120.0,936
surrogate,2.5,0.375,1.1,fixed_time,304,0.6774193548387096,0.7379518072289156,2.8,250.0,250.0,3120.0,876
surrogate,2.5,0.375,1.1,fixed_time,305,0.6647727272727273,0.7401812688821753,2.96,282.0,245.0,3120.0,950
surrogate,2.5,0.375,1.1,efficiency,301,0.9411764705882353,0.6220633299284984,6.8,68.0,562.0,2608.0,399
surrogate,2.5,0.375,1.1,efficiency,302,0.9327485380116959,0.627648839556004,6.07,67.0,554.0,2624.0,445
surrogate,2.5,0.375,1.1,efficiency,303,0.9367816091954023,0.6414141414141414,6.54,67.0,555.0,2668.0,420
surrogate,2.5,0.375,1.1,efficiency,304,0.9413489736070382,0.6315261044176707,6.19,68.0,546.0,2664.0,428
surrogate,2.5,0.375,1.1,efficiency,305,0.9460227272727273,0.6394763343403826,6.55,65.0,571.0,2688.0,432
surrogate,2.5,0.375,1.1,equal_bargaining,301,0.0,0.965270684371808,9.0,840.0,45.0,3856.0,310
surrogate,2.5,0.375,1.1,equal_bargaining,302,0.0,0.9667003027245207,8.97,865.0,56.0,3928.0,303
surrogate,2.5,0.375,1.1,equal_bargaining,303,0.0,0.9666666666666667,8.99,850.0,43.0,3932.0,305
surrogate,2.5,0.375,1.1,equal_bargaining,304,0.0,0.964859437751004,9.0,851.0,53.0,3920.0,290
surrogate,2.5,0.375,1.1,equal_bargaining,305,0.0,0.9778449144008057,8.99,853.0,41.0,3960.0,309
surrogate,2.5,0.375,1.1,efpb,301,0.9439775910364145,0.6210418794688458,6.66,51.0,572.0,2628.0,409
surrogate,2.5,0.375,1.1,efpb,302,0.9473684210526315,0.6215943491422805,6.11,55.0,555.0,2636.0,450
surrogate,2.5,0.375,1.1,efpb,303,0.9482758620689655,0.6232323232323232,6.84,51.0,589.0,2600.0,423
surrogate,2.5,0.375,1.1,efpb,304,0.9325513196480938,0.6295180722891566,6.2,53.0,566.0,2700.0,434
surrogate,2.5,0.375,1.1,efpb,305,0.9545454545454546,0.6263846928499497,6.66,53.0,580.0,2656.0,414
surrogate,3.0,0.44999999999999996,1.32,fixed_time,301,0.5452322738386308,0.5981465880370682,3.98,385.0,344.0,3120.0,1327
surrogate,3.0,0.44999999999999996,1.32,fixed_time,302,0.5530864197530864,0.589018302828619,4.07,384.0,356.0,3120.0,1348
surrogate,3.0,0.44999999999999996,1.32,fixed_time,303,0.5474452554744526,0.5996649916247906,4.12,381.0,374.0,3120.0,1323
surrogate,3.0,0.44999999999999996,1.32,fixed_time,304,0.5655526992287918,0.6065012831479898,4.23,392.0,372.0,3120.0,1286
surrogate,3.0,0.44999999999999996,1.32,fixed_time,305,0.5739348370927319,0.5913978494623656,3.96,350.0,354.0,3120.0,1329
surrogate,3.0,0.44999999999999996,1.32,efficiency,301,0.9437652811735942,0.4692502106149958,8.99,55.0,813.0,2404.0,530
surrogate,3.0,0.44999999999999996,1.32,efficiency,302,0.9407407407407408,0.45757071547420963,9.0,58.0,808.0,2448.0,547
surrogate,3.0,0.44999999999999996,1.32,efficiency,303,0.9562043795620438,0.4631490787269682,8.97,54.0,812.0,2380.0,631
surrogate,3.0,0.44999999999999996,1.32,efficiency,304,0.9460154241645244,0.4875962360992301,8.99,56.0,804.0,2480.0,498
surrogate,3.0,0.44999999999999996,1.32,efficiency,305,0.9548872180451128,0.4598842018196857,9.0,59.0,809.0,2472.0,539
surrogate,3.0,0.44999999999999996,1.32,equal_bargaining,301,0.0,0.9511373209772536,8.99,848.0,74.0,4644.0,358
surrogate,3.0,0.44999999999999996,1.32,equal_bargaining,302,0.0,0.9500831946755408,8.96,860.0,67.0,4724.0,359
surrogate,3.0,0.44999999999999996,1.32,equal_bargaining,303,0.0,0.9547738693467337,8.96,846.0,88.0,4692.0,360
surrogate,3.0,0.44999999999999996,1.32,equal_bargaining,304,0.0,0.9478186484174508,8.98,837.0,84.0,4592.0,347
surrogate,3.0,0.44999999999999996,1.32,equal_bargaining,305,0.0,0.946236559139785,9.0,858.0,77.0,4720.0,357
surrogate,3.0,0.44999999999999996,1.32,efpb,301,0.9462102689486552,0.4692502106149958,8.99,52.0,813.0,2364.0,530
surrogate,3.0,0.44999999999999996,1.32,efpb,302,0.9506172839506173,0.4633943427620632,9.0,52.0,808.0,2428.0,547
surrogate,3.0,0.44999999999999996,1.32,efpb,303,0.41605839416058393,0.7236180904522613,5.27,493.0,426.0,3676.0,793
surrogate,3.0,0.44999999999999996,1.32,efpb,304,0.44473007712082263,0.7125748502994012,5.31,504.0,443.0,3596.0,842
surrogate,3.0,0.44999999999999996,1.32,efpb,305,0.9598997493734336,0.4557485525227461,9.0,53.0,808.0,2440.0,546
surrogate,3.5,0.525,1.54,fixed_time,301,0.46153846153846156,0.49891540130151846,5.18,474.0,448.0,3120.0,1606
surrogate,3.5,0.525,1.54,fixed_time,302,0.44742268041237115,0.48783977110157367,5.21,476.0,455.0,3120.0,1631
surrogate,3.5,0.525,1.54,fixed_time,303,0.4696969696969697,0.5010768126346016,4.86,465.0,439.0,3120.0,1597
surrogate,3.5,0.525,1.54,fixed_time,304,0.45336225596529284,0.5080527086383602,5.09,492.0,426.0,3120.0,1610
surrogate,3.5,0.525,1.54,fixed_time,305,0.4610526315789474,0.4931997136721546,5.08,459.0,440.0,3120.0,1626
surrogate,3.5,0.525,1.54,efficiency,301,0.9501039501039501,0.3571945046999277,8.99,51.0,813.0,2088.0,1108
surrogate,3.5,0.525,1.54,efficiency,302,0.9525773195876288,0.3397711015736767,8.99,50.0,795.0,2048.0,1135
surrogate,3.5,0.525,1.54,efficiency,303,0.9545454545454546,0.35534816941852115,8.96,52.0,823.0,2144.0,1143
surrogate,3.5,0.525,1.54,efficiency,304,0.9566160520607375,0.36822840409956076,8.99,51.0,809.0,2152.0,1105
surrogate,3.5,0.525,1.54,efficiency,305,0.96,0.34216177523264135,9.0,53.0,809.0,2056.0,1166
surrogate,3.5,0.525,1.54,equal_bargaining,301,0.0,0.9088937093275488,9.0,852.0,125.0,5240.0,619
surrogate,3.5,0.525,1.54,equal_bargaining,302,0.0,0.8984263233190272,9.0,858.0,131.0,5276.0,735
surrogate,3.5,0.525,1.54,equal_bargaining,303,0.0,0.9016511127063891,8.99,862.0,137.0,5244.0,647
surrogate,3.5,0.525,1.54,equal_bargaining,304,0.0,0.924597364568082,9.0,852.0,107.0,5252.0,518
surrogate,3.5,0.525,1.54,equal_bargaining,305,0.0,0.9062276306370795,8.99,863.0,125.0,5272.0,653
surrogate,3.5,0.525,1.54,efpb,301,0.9397089397089398,0.3644251626898048,8.99,52.0,813.0,2112.0,1095
surrogate,3.5,0.525,1.54,efpb,302,0.2556701030927835,0.642346208869814,6.67,635.0,554.0,3884.0,1039
surrogate,3.5,0.525,1.54,efpb,303,0.29653679653679654,0.6403445800430725,6.48,610.0,557.0,3788.0,1009
surrogate,3.5,0.525,1.54,efpb,304,0.3232104121475054,0.6288433382137628,6.31,602.0,568.0,3716.0,1027
surrogate,3.5,0.525,1.54,efpb,305,0.9452631578947368,0.3507516105941303,9.0,53.0,809.0,2112.0,1143
surrogate,4.0,0.6,1.76,fixed_time,301,0.40823970037453183,0.4219543147208122,5.41,515.0,502.0,3120.0,1865
surrogate,4.0,0.6,1.76,fixed_time,302,0.375886524822695,0.40883634100808963,5.73,547.0,527.0,3120.0,1900
surrogate,4.0,0.6,1.76,fixed_time,303,0.3927893738140417,0.42920353982300885,5.61,536.0,491.0,3120.0,1854
surrogate,4.0,0.6,1.76,fixed_time,304,0.36363636363636365,0.4207889793362555,5.93,555.0,510.0,3120.0,1906
surrogate,4.0,0.6,1.76,fixed_time,305,0.39497307001795334,0.4201892744479495,5.59,511.0,495.0,3120.0,1896
surrogate,4.0,0.6,1.76,efficiency,301,0.9588014981273408,0.2652284263959391,8.98,47.0,808.0,1792.0,1355
surrogate,4.0,0.6,1.76,efficiency,302,0.9592198581560284,0.22775357809583074,9.0,44.0,800.0,1664.0,1415
surrogate,4.0,0.6,1.76,efficiency,303,0.9563567362428842,0.26548672566371684,9.0,48.0,822.0,1840.0,1384
surrogate,4.0,0.6,1.76,efficiency,304,0.9654545454545455,0.23606762680025048,8.99,47.0,803.0,1704.0,1411
surrogate,4.0,0.6,1.76,efficiency,305,0.9605026929982047,0.23659305993690852,9.0,46.0,808.0,1696.0,1404
surrogate,4.0,0.6,1.76,equal_bargaining,301,0.0,0.833756345177665,8.97,848.0,235.0,5536.0,1089
surrogate,4.0,0.6,1.76,equal_bargaining,302,0.0,0.8039825762289982,9.0,863.0,256.0,5468.0,1302
surrogate,4.0,0.6,1.76,equal_bargaining,303,0.0,0.8394437420986094,8.99,858.0,206.0,5552.0,1076
surrogate,4.0,0.6,1.76,equal_bargaining,304,0.0,0.8209142141515341,9.0,852.0,234.0,5520.0,1254
surrogate,4.0,0.6,1.76,equal_bargaining,305,0.0,0.832807570977918,8.99,859.0,224.0,5560.0,1115
surrogate,4.0,0.6,1.76,efpb,301,0.951310861423221,0.2652284263959391,8.98,52.0,808.0,1816.0,1345
surrogate,4.0,0.6,1.76,efpb,302,0.9485815602836879,0.22277535780958307,9.0,53.0,800.0,1600.0,1423
surrogate,4.0,0.6,1.76,efpb,303,0.9316888045540797,0.27054361567635904,9.0,53.0,822.0,1856.0,1376
surrogate,4.0,0.6,1.76,efpb,304,0.17454545454545456,0.5823418910457107,7.48,722.0,663.0,4092.0,1188
surrogate,4.0,0.6,1.76,efpb,305,0.9443447037701975,0.2416403785488959,9.0,53.0,808.0,1728.0,1398
