clearance_share,config_id,controller,d_delay_se,d_delay_vs_default,d_maxwait_se,d_maxwait_vs_default,is_default,max_norm_wait,ped_mean_wait_s,person_delay_s,phase_switches,runs,starvation_violations,veh_mean_wait_s,worst_scenario_max_norm_wait,p:controller.debt_eta,p:controller.debt_kappa,p:controller.delta,p:controller.horizon_s,p:controller.switch_cost,p:signal.fixed_cycle_s,p:signal.fixed_timing,p:signal.service_duration_s
0.19416666666666665,efficiency__000,efficiency,0.37510566609321844,0.6861587927044461,0.04573122074996523,0.12974999999999998,False,0.86025,17.2530426227801,17.828207324014258,81.025,40,23.2,18.547944771186515,2.594,,,,30,0,,,15
0.19475,efficiency__001,efficiency,0.1919741605729571,0.2522531342221826,0.021353218396706286,0.057749999999999996,False,0.78825,20.086981402705376,17.394301665531994,81.025,40,11.975,17.251105017510515,2.018,,,,30,0,,,25
0.19502777777777777,efficiency__002,efficiency,0.1354973055459939,0.07042524128152516,0.019461294591560117,0.01875,False,0.74925,21.726335540574087,17.212473772591338,80.975,40,9.0,16.58768654328394,1.706,,,,30,0,,,35
0.19361111111111112,efficiency__003,efficiency,0.20874924725076605,0.28189744535529415,0.02860193197706254,0.06549999999999999,False,0.796,18.09363902531953,17.423945976665106,79.75,40,18.474999999999998,17.87660805660554,2.32,,,,30,5,,,15
0.1948888888888889,efficiency__004,efficiency,0.0,0.0,0.0,0.0,False,0.7305,20.84253043608543,17.14204853130981,79.9,40,9.025,16.795433831427573,1.796,,,,30,5,,,25
0.19602777777777777,efficiency__005,efficiency,0.0969712274375058,0.1393102692290789,0.014638321239744286,-0.029250000000000005,False,0.70125,22.44635149311703,17.281358800538893,80.05,40,9.05,16.547514462470314,1.562,,,,30,5,,,35
0.19361111111111112,efficiency__006,efficiency,0.20874924725076605,0.28189744535529415,0.02860193197706254,0.06549999999999999,False,0.796,18.09363902531953,17.423945976665106,79.75,40,18.474999999999998,17.87660805660554,2.32,,,,30,10,,,15
0.1948888888888889,efficiency__007,efficiency,0.0,0.0,0.0,0.0,False,0.7305,20.84253043608543,17.14204853130981,79.9,40,9.025,16.795433831427573,1.796,,,,30,10,,,25
0.19602777777777777,efficiency__008,efficiency,0.0969712274375058,0.1393102692290789,0.014638321239744286,-0.029250000000000005,False,0.70125,22.44635149311703,17.281358800538893,80.05,40,9.05,16.547514462470314,1.562,,,,30,10,,,35
0.19416666666666665,efficiency__009,efficiency,0.37510566609321844,0.6861587927044461,0.04573122074996523,0.12974999999999998,False,0.86025,17.2530426227801,17.828207324014258,81.025,40,23.2,18.547944771186515,2.594,,,,60,0,,,15
0.19475,efficiency__010,efficiency,0.1919741605729571,0.2522531342221826,0.021353218396706286,0.057749999999999996,False,0.78825,20.086981402705376,17.394301665531994,81.025,40,11.975,17.251105017510515,2.018,,,,60,0,,,25
0.19502777777777777,efficiency__011,efficiency,0.1354973055459939,0.07042524128152516,0.019461294591560117,0.01875,False,0.74925,21.726335540574087,17.212473772591338,80.975,40,9.0,16.58768654328394,1.706,,,,60,0,,,35
0.19361111111111112,efficiency__012,efficiency,0.20874924725076605,0.28189744535529415,0.02860193197706254,0.06549999999999999,False,0.796,18.09363902531953,17.423945976665106,79.75,40,18.474999999999998,17.87660805660554,2.32,,,,60,5,,,15
0.1948888888888889,efficiency__013,efficiency,0.0,0.0,0.0,0.0,True,0.7305,20.84253043608543,17.14204853130981,79.9,40,9.025,16.795433831427573,1.796,,,,60,5,,,25
0.19602777777777777,efficiency__014,efficiency,0.0969712274375058,0.1393102692290789,0.014638321239744286,-0.029250000000000005,False,0.70125,22.44635149311703,17.281358800538893,80.05,40,9.05,16.547514462470314,1.562,,,,60,5,,,35
0.19361111111111112,efficiency__015,efficiency,0.20874924725076605,0.28189744535529415,0.02860193197706254,0.06549999999999999,False,0.796,18.09363902531953,17.423945976665106,79.75,40,18.474999999999998,17.87660805660554,2.32,,,,60,10,,,15
0.1948888888888889,efficiency__016,efficiency,0.0,0.0,0.0,0.0,False,0.7305,20.84253043608543,17.14204853130981,79.9,40,9.025,16.795433831427573,1.796,,,,60,10,,,25
0.19602777777777777,efficiency__017,efficiency,0.0969712274375058,0.1393102692290789,0.014638321239744286,-0.029250000000000005,False,0.70125,22.44635149311703,17.281358800538893,80.05,40,9.05,16.547514462470314,1.562,,,,60,10,,,35
0.19416666666666665,efficiency__018,efficiency,0.37510566609321844,0.6861587927044461,0.04573122074996523,0.12974999999999998,False,0.86025,17.2530426227801,17.828207324014258,81.025,40,23.2,18.547944771186515,2.594,,,,90,0,,,15
0.19475,efficiency__019,efficiency,0.1919741605729571,0.2522531342221826,0.021353218396706286,0.057749999999999996,False,0.78825,20.086981402705376,17.394301665531994,81.025,40,11.975,17.251105017510515,2.018,,,,90,0,,,25
0.19502777777777777,efficiency__020,efficiency,0.1354973055459939,0.07042524128152516,0.019461294591560117,0.01875,False,0.74925,21.726335540574087,17.212473772591338,80.975,40,9.0,16.58768654328394,1.706,,,,90,0,,,35
0.19361111111111112,efficiency__021,efficiency,0.20874924725076605,0.28189744535529415,0.02860193197706254,0.06549999999999999,False,0.796,18.09363902531953,17.423945976665106,79.75,40,18.474999999999998,17.87660805660554,2.32,,,,90,5,,,15
0.1948888888888889,efficiency__022,efficiency,0.0,0.0,0.0,0.0,False,0.7305,20.84253043608543,17.14204853130981,79.9,40,9.025,16.795433831427573,1.796,,,,90,5,,,25
0.19602777777777777,efficiency__023,efficiency,0.0969712274375058,0.1393102692290789,0.014638321239744286,-0.029250000000000005,False,0.70125,22.44635149311703,17.281358800538893,80.05,40,9.05,16.547514462470314,1.562,,,,90,5,,,35
0.19361111111111112,efficiency__024,efficiency,0.20874924725076605,0.28189744535529415,0.02860193197706254,0.06549999999999999,False,0.796,18.09363902531953,17.423945976665106,79.75,40,18.474999999999998,17.87660805660554,2.32,,,,90,10,,,15
0.1948888888888889,efficiency__025,efficiency,0.0,0.0,0.0,0.0,False,0.7305,20.84253043608543,17.14204853130981,79.9,40,9.025,16.795433831427573,1.796,,,,90,10,,,25
0.19602777777777777,efficiency__026,efficiency,0.0969712274375058,0.1393102692290789,0.014638321239744286,-0.029250000000000005,False,0.70125,22.44635149311703,17.281358800538893,80.05,40,9.05,16.547514462470314,1.562,,,,90,10,,,35
0.20391666666666666,efpb__000,efpb,0.0,0.0,0.0,0.0,True,0.8695,36.05059540924287,18.204932811411908,77.275,40,22.475,13.90983047123438,3.326,1.0,2.0,0.05,60,,,,25
0.19822222222222222,efpb__001,efpb,0.4100688935863674,-0.2547569687898861,0.08316769435673556,-0.0685,False,0.801,23.738142397352934,17.950175842622023,75.55,40,10.5,16.922270055233984,1.95,1,4,0.2,30,,,,15
0.1991388888888889,efpb__002,efpb,0.4149173750848251,-0.204392196799403,0.08432871237466649,-0.03325,False,0.8362499999999999,24.920028316591093,18.000540614612504,75.25,40,10.5,16.70862743878753,1.95,2,2,0,30,,,,15
0.2023611111111111,efpb__003,efpb,0.3451025526448009,0.7404640485405676,0.08593392475080446,-0.018750000000000003,False,0.85075,27.466307635067135,18.945396859952474,75.75,40,14.6,17.16870438147867,1.938,1.0,0,0.05,30,,,,25
0.2023888888888889,efpb__004,efpb,0.0921742759410778,-0.11711693064695061,0.006131047511620147,-0.022,False,0.8475,34.893438713673795,18.087815880764957,77.6,40,22.475,14.03565419639936,3.326,1,2,0.2,60,,,,25
0.1995,efpb__005,efpb,0.2576817310385358,-0.3390783948943584,0.06308011542109337,-0.10475,False,0.76475,25.379721972896675,17.86585441651755,77.4,40,17.5,16.335182421154936,2.4299999999999997,2,2,0.1,60,,,,35
0.20080555555555557,efpb__006,efpb,1.984689231711197,4.283103064379608,0.24304040697603538,0.37925,False,1.24875,54.41899553304808,22.488035875791518,79.675,40,29.925,14.074600781234945,7.172,2,2,0.05,90,,,,35
0.2,efpb__007,efpb,0.25755791691105595,-0.5168314469043425,0.061960996313023924,-0.12975,False,0.73975,24.562792496707807,17.688101364507567,77.625,40,17.5,16.31495947542452,2.4299999999999997,1,4,0.2,60,,,,35
0.19455555555555556,efpb__008,efpb,1.5534017461126775,4.943042347201822,0.15912581198052544,0.33525,False,1.20475,32.07297377005741,23.14797515861373,79.1,40,49.099999999999994,21.02741711348458,3.436,1,4,0,90,,,,15
0.19444444444444445,efpb__009,efpb,1.5529385083160117,4.952050907349562,0.15894554381119308,0.33749999999999997,False,1.207,32.00356526397972,23.15698371876147,79.1,40,49.099999999999994,21.041111390722666,3.436,2,2,0.05,90,,,,15
0.202,efpb__010,efpb,0.3096694657521032,0.7969292992140615,0.09322765594679151,-0.06425,False,0.80525,25.95139991245842,19.00186211062597,76.0,40,11.875,17.70722847775569,1.778,1,4,0.1,30,,,,35
0.19441666666666668,efpb__011,efpb,1.5530393731449312,4.950433716388109,0.15894554381119308,0.33749999999999997,False,1.207,31.99492890034336,23.155366527800016,79.125,40,49.099999999999994,21.046167570497946,3.436,2,4,0,90,,,,15
0.2018611111111111,efpb__012,efpb,0.3114292494896237,0.7326466967377636,0.09287390645385817,-0.06925,False,0.80025,25.79207963458083,18.93757950814967,76.0,40,11.875,17.67060498104761,1.778,1,2,0.1,30,,,,35
0.20227777777777778,efpb__013,efpb,0.06151178512632372,0.051122396163149376,0.005346787916650617,0.007250000000000009,False,0.87675,35.74941282427535,18.25605520757506,77.3,40,22.475,14.0352251569672,3.326,2,2,0.1,60,,,,25
0.2008888888888889,efpb__014,efpb,1.985543095336771,4.271801543899453,0.24313866137216053,0.37725,False,1.24675,54.38655701155683,22.47673435531136,79.65,40,29.925,14.053432528116872,7.172,1.0,0,0.2,90,,,,35
0.20274999999999999,efpb__015,efpb,0.34442820211660635,0.6805757189692998,0.08505202028080316,-0.04,False,0.8295,27.7049815490079,18.88550853038121,75.65,40,14.6,17.07995963150867,1.938,1,4,0,30,,,,25
0.20291666666666666,efpb__016,efpb,0.05633658025239487,0.012025437112296488,0.0056770737767503675,0.0032500000000000072,False,0.87275,35.76614151608179,18.216958248524204,77.3,40,22.475,13.986502959753075,3.326,2,4,0.1,60,,,,25
0.19461111111111112,efpb__017,efpb,1.554187497516874,4.935149675939311,0.15900957478024672,0.33649999999999997,False,1.206,31.998388872554173,23.14008248735122,79.075,40,49.099999999999994,21.014878859666766,3.436,1.0,0,0.1,90,,,,15
0.19441666666666668,efpb__018,efpb,1.5530393731449312,4.950433716388109,0.15894554381119308,0.33749999999999997,False,1.207,31.99492890034336,23.155366527800016,79.125,40,49.099999999999994,21.046167570497946,3.436,2,4,0.05,90,,,,15
0.20030555555555557,efpb__019,efpb,0.30519392652188243,0.5942319995515386,0.09165417164257816,-0.099,False,0.7705,24.494858912922645,18.799164810963447,76.45,40,11.875,17.792822919165264,1.778,1,2,0.2,30,,,,35
0.2,efpb__020,efpb,0.30551918623550706,0.7536719323491968,0.09254166594511597,-0.07825,False,0.79125,24.803508513305253,18.958604743761107,76.4,40,11.875,17.9072413290684,1.778,2,2,0.2,30,,,,35
0.20277777777777778,efpb__021,efpb,0.3095480237057838,0.6891038652072543,0.09331223433678498,-0.060500000000000005,False,0.809,25.917769708702597,18.894036676619162,76.025,40,11.875,17.57504033593428,1.778,2,4,0.05,30,,,,35
0.20272222222222222,efpb__022,efpb,0.3450915865199602,0.6674130081108545,0.08501198067904522,-0.041749999999999995,False,0.82775,27.639444328981547,18.872345819522764,75.65,40,14.6,17.082120383435456,1.938,1,2,0,30,,,,25
0.20080555555555557,efpb__023,efpb,1.9849930569570193,4.273753662500984,0.24321953784542796,0.37599999999999995,False,1.2455,54.45994659231726,22.47868647391289,79.675,40,29.925,14.066979059201909,7.172,1,4,0,90,,,,35
0.19894444444444445,efpb__024,efpb,1.9618099258998825,4.932684003117393,0.24846861420225638,0.39575,False,1.26525,47.70528381782599,23.1376168145293,79.55,40,37.65,16.840505225607902,4.968,1.0,0,0.1,90,,,,25
0.1991111111111111,efpb__025,efpb,0.4152823320344733,-0.15512977527027866,0.08441783100925829,-0.026250000000000002,False,0.84325,24.63905930009081,18.04980303614163,75.375,40,10.5,16.80150823954611,1.95,1.0,0,0.1,30,,,,15
0.20425000000000001,efpb__026,efpb,0.032872455026554726,0.02880891731959685,0.0002500000000000002,-0.0002500000000000002,False,0.8692500000000001,36.13265601530347,18.233741728731506,77.25,40,22.475,13.925483368029052,3.326,1,4,0.05,60,,,,25
0.20347222222222222,efpb__027,efpb,0.048128056448389744,0.07600654848831505,0.004955571844670635,0.006500000000000003,False,0.876,36.139035246822495,18.280939359900223,77.275,40,22.475,13.968740204811624,3.326,2,2,0.05,60,,,,25
0.2001388888888889,efpb__028,efpb,0.41238503689726524,-0.2378920472516953,0.08402341515834616,-0.03975,False,0.82975,24.963485914390944,17.967040764160213,75.2,40,10.5,16.658100544079193,1.95,2,4,0,30,,,,15
0.19922222222222222,efpb__029,efpb,0.3573718181247337,-0.6196088677097602,0.07957449944258815,-0.17075,False,0.69875,22.999256331195625,17.58532394370215,77.2,40,19.5,16.557752539787213,1.906,2,4,0.05,60,,,,15
0.20122222222222222,equal_bargaining__000,equal_bargaining,1.2512080936632102,2.4178387555694685,0.25286973437741134,0.557,False,1.548,63.8342823655176,23.661407483911578,76.675,40,30.7,13.175384345168895,7.994,,,,30,,,,15
0.19872222222222222,equal_bargaining__001,equal_bargaining,0.5187729011412031,0.7871642875981808,0.18697778131405934,0.41075,False,1.40175,51.25640077193937,22.03073301594029,76.22500000000001,40,29.375,14.35717873638599,6.824,,,,30,,,,25
0.19269444444444445,equal_bargaining__002,equal_bargaining,0.41692415799187915,0.23591364065391945,0.08739532200119356,0.14950000000000002,False,1.1405,38.37475835321975,21.479482368996027,74.95,40,36.15,17.163058713963668,4.734,,,,30,,,,35
0.19672222222222221,equal_bargaining__003,equal_bargaining,0.4846732976711952,0.8351314784362358,0.18535086271094695,0.39149999999999996,False,1.3825,51.312402934587695,22.078700206778343,75.75,40,31.400000000000002,14.399726711250866,6.67,,,,60,,,,15
0.18872222222222224,equal_bargaining__004,equal_bargaining,0.0,0.0,0.0,0.0,True,0.991,32.471281970742766,21.243568728342108,74.125,40,40.85,18.378927645565707,3.538,,,,60,,,,25
0.1928888888888889,equal_bargaining__005,equal_bargaining,0.3739942596245441,0.07551018761797668,0.08612445340528424,0.13425000000000004,False,1.12525,37.73504250186718,21.319078915960084,75.0,40,35.725,17.137673727026574,4.612,,,,60,,,,35
0.18877777777777777,equal_bargaining__006,equal_bargaining,0.377978062106874,0.24884947651071104,0.11140590487503631,0.10049999999999999,False,1.0915,37.531936680599685,21.492418204852818,74.10000000000001,40,38.349999999999994,17.347353909589657,4.342,,,,90,,,,15
0.18872222222222224,equal_bargaining__007,equal_bargaining,0.0,0.0,0.0,0.0,False,0.991,32.471281970742766,21.243568728342108,74.125,40,40.85,18.378927645565707,3.538,,,,90,,,,25
0.1928888888888889,equal_bargaining__008,equal_bargaining,0.3739942596245441,0.07551018761797668,0.08612445340528424,0.13425000000000004,False,1.12525,37.73504250186718,21.319078915960084,75.0,40,35.725,17.137673727026574,4.612,,,,90,,,,35
0.15555555555555556,fixed_time__000,fixed_time,0.44722356793451246,2.0150554958536975,0.08123959499450865,0.28500000000000003,False,0.78975,39.737309651310966,20.663866560218096,68.0,40,28.0,15.485585851272313,3.104,,,,,,45,static,
0.14,fixed_time__001,fixed_time,0.8187867260010241,5.119969067348191,0.12301425287443893,0.5335,False,1.0382500000000001,52.7229741105828,23.76878013171259,61.0,40,38.825,15.914980901803181,3.81,,,,,,50,static,
0.11666666666666667,fixed_time__002,fixed_time,1.6034779029867716,10.89289085788764,0.18636584764024405,0.94925,False,1.454,76.15228910271789,29.541701922252038,50.0,40,51.125,16.883118953670294,4.864,,,,,,60,static,
0.09333333333333334,fixed_time__003,fixed_time,1.1244979052020376,11.204438746760268,0.13536512825952607,0.805,False,1.30975,67.11294734722215,29.853249811124666,40.0,40,47.150000000000006,19.740351901745104,4.172,,,,,,75,static,
0.07777777777777778,fixed_time__004,fixed_time,1.0260929130254264,14.409433607527635,0.13339335988548479,0.8835,False,1.38825,70.60445961512418,33.058244671892034,34.0,40,46.65,22.62037503022667,4.22,,,,,,90,static,
0.057777777777777775,fixed_time__005,fixed_time,0.8914231723202305,19.505442366511073,0.10021512117849538,0.9544999999999999,False,1.45925,71.4806718557285,38.15425343087547,25.0,40,43.525,28.929151407756144,3.91,,,,,,120,static,
0.18666666666666668,fixed_time__006,fixed_time,0.0,0.0,0.0,0.0,True,0.50475,21.027372061646982,18.6488110643644,82.0,40,20.425,17.93421249260377,1.534,,,,,,37,demand_based,
0.17444444444444446,fixed_time__007,fixed_time,0.42128155256334426,2.207786857931933,0.024443026376894047,0.09700000000000002,False,0.60175,12.611005762143119,20.85659792229633,76.0,40,26.325,23.128783325393687,1.918,,,,,,40,demand_based,
0.15555555555555556,fixed_time__008,fixed_time,0.4768446186458949,3.0753210606754613,0.024553839325877846,0.1115,False,0.61625,14.853197786636281,21.724132125039862,67.875,40,26.9,23.679983952039624,1.948,,,,,,45,demand_based,
0.14,fixed_time__009,fixed_time,0.6772175618564248,1.1505594565342898,0.021490867171774893,0.03225000000000001,False,0.537,17.812956557703362,19.799370520898687,60.875,40,7.2,20.534491496039905,1.3,,,,,,50,demand_based,
0.11666666666666667,fixed_time__010,fixed_time,0.7098679777159553,3.811342893176136,0.02029446684728092,0.11350000000000002,False,0.61825,18.72452186392005,22.460153957540534,50.0,40,10.425,23.86576089546519,1.436,,,,,,60,demand_based,
0.09333333333333334,fixed_time__011,fixed_time,1.0997463679736252,5.923522890751496,0.030905044812648223,0.16550000000000004,False,0.67025,21.494946336371232,24.572333955115894,40.0,40,4.9,26.070605989588596,1.26,,,,,,75,demand_based,
0.07777777777777778,fixed_time__012,fixed_time,1.4011599306647056,8.495425468252389,0.039122096844858165,0.23800000000000002,False,0.74275,24.860134913926554,27.144236532616787,33.125,40,2.55,28.580031634264362,1.206,,,,,,90,demand_based,
0.057777777777777775,fixed_time__013,fixed_time,1.378484737302892,15.633685829672627,0.04344166070277913,0.44475,False,0.9495,31.291334791010065,34.282496894037024,24.875,40,6.75,36.397056497540554,1.356,,,,,,120,demand_based,
